"subject","version","assignmentId","gender","bonus","instructions_time","total_time","comments","timestamp","id"
"A2B8HPIZDKYKDR","sp_v2_real2","3Y5140Z9DXHLSBUD7LND4HR09M4PIG","Male","89","49884","250495","Not lowering any of my points at any cost. I'm not going to cost myself money/points just to spite someone else. ","2017-05-30 15:00:50","542"
"A1CSDIX05PK9V","sp_v2_real2","33LKR6A5KEL8KXRMGVBRHSBBHNET1X","Male","96","40403","247643",,"2017-05-30 15:00:55","543"
"A3BOY7SUI425MK","sp_v2_real2","32SVAV9L3FAZF46SXZYTAG0GRI8A3M","Female","97","39775","243922",,"2017-05-30 15:01:04","544"
"A2T9GR0UCUVDXG","sp_v2_real2","3DY46V3X3PJ5NDHFGMV5H2IED0Y551","Male","98","47888","246194","I wanted to be as fair as possible.","2017-05-30 15:01:07","545"
"A2SD7GN80U31GW","sp_v2_real2","3483FV8BEEK97KY63M3CB1T2PLI26D","Female","96","43995","291685","I tested if Y would punish me for stealing and it seemed they did so it was safer to do option B. Then I punished the next person for stealing and it seemed to teach them not to do it, also.","2017-05-30 15:01:18","546"
"A1NM7ZPZ3NH412","sp_v2_real2","3WETL7AQWT929YUB237C25KUZ4753B","Female","73","68105","281315",,"2017-05-30 15:01:33","547"
"A3I40B0FATY8VH","sp_v2_real2","3E337GFOL997TZC51IAIFG9PUUBNGQ","Male","92","88562","302908","I chose the option where I didn't lose any points.","2017-05-30 15:01:35","548"
"A1PBRKFHSF1OF8","sp_v2_real2","3JNQLM5FT4NRQ51DQQ9E0KBZFG72LL","Female","87","51216","297978","I tried to be nice but realized it didn't work.","2017-05-30 15:01:38","549"
"A1UZA1IV1WXK06","sp_v2_real2","3E4GGUZ1T8SG6ZJV5QXDLKYKQG22KI","Male","88","82806","282143","I just wanted to maximize my score","2017-05-30 15:01:41","550"
"A2WC2NO555XU3J","sp_v2_real2","3ITXP059PWKE0EUBHKC7BNBB9L0SJB","Female","100","44168","254520","Thanks! My strategy was to keep my 100 points by always choosing the option that added/subtracted 0 points. ","2017-05-30 15:01:43","551"
"A1CFUMXK9QFT9M","sp_v2_real2","3EKVH9QMEY58STDLD9BQH73U6752D5","Female","96","50318","269933","No comments.  My strategy was to be fair to the other worker.","2017-05-30 15:01:44","552"
"A1KGM1B9XJELX","sp_v2_real2","34Z02EIMISE8D864KC7R3NS1CV8T0U","Male","72","42777","264056",,"2017-05-30 15:01:47","553"
"A3JTF21YTIRKV","sp_v2_real2","3C2NJ6JBKAIHE54Y23PTDCFOKB72NN","Male","93","78259","319502","I wanted to maximize my profit. ""Punishing"" the other player would just take money away from me.","2017-05-30 15:01:52","554"
"A1ZK3LRUC4ICY7","sp_v2_real2","3RYC5T2D73UYLAXWX8HMI9SRWINPRK","Male","93","70152","331888","Even though he kept subtracting my points, i didn't subtract his because in the end, I would just be hurting myself.","2017-05-30 15:01:58","555"
"A3HBMPB74FWI1","sp_v2_real2","3YZ8UPK3VTN77DG9WXQL3KG44YDCUY","Male","95","44033","235494",,"2017-05-30 15:02:04","556"
"A1CTJ8UT7SF317","sp_v2_real2","34QN5IT0TZSPFOEGHEWWCRWEYIO80L","Male","77","30816","221505","None","2017-05-30 15:02:09","557"
"A1OIPSWKV6DVUF","sp_v2_real2","31Q0U3WYDPGLMZUF3S8QCWJTSQO710","Male","100","92703","350639","My strategy was to avoid losing the bonus money, which would benefit both parties by simply not taking giving or taking away any money.","2017-05-30 15:02:11","558"
"A1PE4AWFGVLQS","sp_v2_real2","3K5TEWLKGVCYXVR9TXWCA9GIVA5VI7","Male","94","72203","279563",,"2017-05-30 15:02:19","559"
"A19A5BP9FN5KJM","sp_v2_real2","3DEL4X4EL6MCRKB9XUJXKI7R14BXYI","Male","87","78239","330459","Trying to lose the least amount of points per round!","2017-05-30 15:02:19","560"
"A2LGSV2MKHWA49","sp_v2_real2","3XXU1SWE8MW3YC7VECGA8I29O6OA0R","Female","81","67312","324324","At first, I wanted to get revenge on the first player for constantly taking points from me but then I figured it wasn't worth losing points for myself so I stopped. I used the same strategy for the second player.","2017-05-30 15:02:21","561"
"AO5WJXJED5LQO","sp_v2_real2","3UOUJI6MTDFVABR4NTM8HX1E5G0XUK","Female","82","71201","344425","none","2017-05-30 15:02:30","562"
"ATF7HBD1TFI2U","sp_v2_real2","3IHR8NYAM72RK4VYMWL9AGHH4444PH","Female","80","100697","358474","TRIED TO NOT LOSE ANY POINTS","2017-05-30 15:02:31","563"
"AMEX6UDG3WZWK","sp_v2_real2","3TUI152ZZBOVSHZUZRHWCN0OXGFQ1G","Male","92","69737","307533","My strategy was aiming for the less possible loss for myself, which was option d, and when I was X, I wanted the most points for me so I choose option A.  ","2017-05-30 15:02:36","564"
"A19JJ2RIRTWJOT","sp_v2_real2","3ZOTGHDK5ICS1PL8XX4CJJSX8FASOU","Female","78","31512","305627","NONE","2017-05-30 15:02:41","565"
"A2J7PEUIO2WVUN","sp_v2_real2","3PB5A5BD0V7IQEKILBTTJJNZUF77G0","Female","94","85257","313016","no comments just wanted to do my best","2017-05-30 15:02:42","566"
" A20HITED8LB7O5","sp_v2_real2","340UGXU9DY236MM9NELQTC4TP5SUVE","Female","92","54779","358988","At first it was to be selfish, then when I kept losing points I found it was better to pick 0 for both","2017-05-30 15:02:46","567"
"A1DWDCD4CHM68O","sp_v2_real2","3TY7ZAOG5FL9APGHQ3TZ2W55TII0KW","Male","95","67684","281948","If they took moneyu i took money if they didn't i didn't","2017-05-30 15:02:48","568"
"AM155T4U3RE1A","sp_v2_real2","3LOZAJ85YDEMQZI249C2BE6MMPH2X7","Female","100","79808","320625","I wanted to be fair and if my partner was fair then I was fair as well.","2017-05-30 15:02:49","569"
"ANZKTE853UXSD","sp_v2_real2","31HQ4X3T3SBKV4IBK5OKR2O3DA5SLD","Male","96","112874","376295","I tried to lose as little as possible","2017-05-30 15:02:51","570"
"A1TLNLB9D87H6","sp_v2_real2","3XM0HYN6NK09C6SRB2XMJ2T8HTXPE7","Female","89","54088","288609","I wanted to increase mine. Ideally I would have liked to be fair, but Ryan wasn't fair.","2017-05-30 15:02:56","571"
"AYO8W8NH3YEMS","sp_v2_real2","3LEIZ60CDJ0MVE3GQ0F2IMUB0VP9Z3","Male","92","88809","363957",,"2017-05-30 15:02:57","572"
"A1E41XK40MN4IJ","sp_v2_real2","3TGOYF991XN3T7X9IOBLXQ2ABYJUUP","Female","100","80773","319735","I wanted the other worker and myself to keep our bonus as high as we could so I decided to be fair to both of us.","2017-05-30 15:02:59","573"
"A2LDR8464HOYCM","sp_v2_real2","3HPZF4IVNMUOOM0E6YNA65MH0MOCYW","Male","79","55818","249235","get as man yponts as possible","2017-05-30 15:03:00","574"
"ARPBS72HUCKD4","sp_v2_real2","3L0KT67Y8EH4V3PA3KDALAQZMP9SY5","Female","96","54456","374199","My strategy was to test the other participant in a way by seeing if they would reciprocate by answering the same way I did. In general, I tried to minimize my losses by choosing the option that didn't result in a point deduction for either of us.","2017-05-30 15:03:02","575"
"AX851F24CYRGJ","sp_v2_real2","3PM8NZGV8YH3IIKN6K237W4P2VUXQF","Male","65","100854","373061","Loose a few points as possible for both","2017-05-30 15:03:03","576"
"A2S70WW1VAPKK8","sp_v2_real2","3L6L49WXW0YNRUDF2HCVCAC0D4354W","Female","92","58180","330983","I felt as everytime I would pick the first option it would take away points so I liked to pick the second option which gave both of us 0 points.","2017-05-30 15:03:03","577"
"A2MPW5P3ERJCN0","sp_v2_real2","33LK57MYLT640TZFZ6FTZHZ1SJDZS3","Male","100","102432","355581","My strategy was not to lose any points since it was hard to gain any points without causing a loss for my partner who might in turn punish me.  Therefore, since I started with 100 points, it wasn't worth the risk to just gain one measly point.","2017-05-30 15:03:10","578"
"A1KXG7W711GZDJ","sp_v2_real2","3F1567XTNW6DHM2P34WPRTI7VS3Q9P","Female","70","64564","364044","to have more or equal points","2017-05-30 15:03:13","579"
"A1LYER1YNFYHG7","sp_v2_real2","39L1G8WVWQS3LGTS1G50ZF7DNO231R","Male","78","68525","333689","Using +2/-1 when going first and 0/0 going second should have maximized everyone's bonus if everyone did this. I didn't want to remove my own bonus any lower by punishing opponents","2017-05-30 15:03:17","580"
"A1T3ROSW2LC4FG
","sp_v2_real2","3MD9PLUKKIF7KG7ARAY70NPV5K5ZNR","Female","88","99288","363312","minimize point loss","2017-05-30 15:03:18","581"
"A1YBX7P5PY8LL","sp_v2_real2","3YMTUJH0DSHPCWO53DUTFQIET7OT4A","Male","83","68989","366602","I wanted to maximize my points.","2017-05-30 15:03:20","582"
"A2SNMMSKX224GR","sp_v2_real2","3LBXNTKX0RWXQJ31PIRHL1E0SVR9X6","Male","73","119970","382617","To try and keep as many points as possible.","2017-05-30 15:03:29","583"
"A3DTENUPGXWB3F","sp_v2_real2","3X0H8UUIT1P06YUAOJVM0D5JBH9SW6","Male","85","77294","390813","I don't really have a strategy. In the first half, I felt I might as well just choose the net zero option, since there was no possible way I could get points after the first run of choices. The second half, I didn't feel like putting the other player at a disadvantage.","2017-05-30 15:03:36","584"
"A2QX2B50DM45E2","sp_v2_real2","3Z7EFSHGN9FZOHA41218NRF8YGTXCA","Male","92","126093","338329","Just to keep as much as I could","2017-05-30 15:03:36","585"
"A2E3TO92MCQ9XU","sp_v2_real2","3PS7W85Z8Z3Q92UHK8QKWYTUFZ39TN","Male","64","61294","265255","I went intuitively.","2017-05-30 15:03:39","586"
"A17SCJYQDUDSFS","sp_v2_real2","39O5D9O87TTN8J3QHDUKGBQ4RLT3CH","Male","79","70825","314722","tried to preserve as many points as possible","2017-05-30 15:03:43","587"
"AWDXILWQ7F3CC","sp_v2_real2","3SBEHTYCWN4F1PMEY8JWH8KCDR7YIJ","Female","80","42563","344121","In the first interaction, I tried punishing the other player to get them to change their behavior, but when it became clear that they wouldn't, I stopped wasting my money to try to get them to adjust to the fairer option. In the second interaction, I was trying to do the fair thing, and the other player cooperated with me.","2017-05-30 15:03:44","588"
"A2S6QOCFC3EAYH","sp_v2_real2","3NVC2EB65Q00BM4VD5C9D2INU9AY3J","Male","98","70506","355375","ny strategy was to lose as few points as possible.if my partner did not harm me,i would not harm him","2017-05-30 15:03:50","589"
"A1A0ERQ81JGNKT","sp_v2_real2","3JBT3HLQF837N1JN7PBZ4CUQ5Z6PZD","Male","83","92631","415012","lessen point loss","2017-05-30 15:03:50","590"
"A11S8IAAVDXCUS","sp_v2_real2","3R5F3LQFV2LP217MSPYKFCP0VUAZO6","Female","86","78016","428558",,"2017-05-30 15:03:52","591"
"A19L9MK673JAAG","sp_v2_real2","35BLDD71I6YKSLGJT1KYA4J8RN7ZV8","Male","100","90255","311920","I wanted to avoid losing points since if I went up two I could eat a net loss of 1 after 3 more are taken off.  So I played it safe to avoid points being taken away.","2017-05-30 15:03:54","592"
"A2G30CUMM6UXG5","sp_v2_real2","3Z4GS9HPNVBZXL9HS8PZD6A6VCO77X","Male","97","38368","298641",,"2017-05-30 15:03:55","593"
"A30YUV6IU0T6I6","sp_v2_real2","3URFVVM165JKF6RJOBATEIHPDGYZUJ","Male","100","121479","423799","To be fair and try to preserve the initial amount of points I was given.","2017-05-30 15:03:56","594"
"ATOP7IB7PX8WX","sp_v2_real2","3MYYFCXHJ38L7R2ZJDVMG73P3DHG4P","Female","86","57526","278763","I would base my on what the other choose","2017-05-30 15:03:58","595"
"A248TO3PTV0K5P","sp_v2_real2","3B837J3LDOXVY2DOPPLGDEX2J2USR3","Female","75","61401","276615","I wanted to minimize my loss. ","2017-05-30 15:03:58","596"
"A3HIRLDYDLBYDQ","sp_v2_real2","35K3O9HUABEXLT3XXZ1H78F4FNBFEV","Female","70","86902","359767","if the other person took points, i took points; if he/she didn't take points, i didn't take points.","2017-05-30 15:04:00","597"
"A2SQNS3J389FRJ","sp_v2_real2","3Y9N9SS8LYCXDB94H9PV0H8MCL53DH","Male","100","86536","294831","to reetain the 100 points i started with.","2017-05-30 15:04:00","598"
"A7QNY4WRF7HUG","sp_v2_real2","3907X2AHF06HHQGBII2LH1KJKQ82PJ","Female","90","80838","420076","I wanted to earn more points but found I did best by maintaining a 0 change for both my partner and myself.","2017-05-30 15:04:02","599"
"A2C4R0TBPZGWTD","sp_v2_real2","3S0TNUHWKTJJE8FATQKRRYGXS7XD8J","Male","98","43536","251506","less loss","2017-05-30 15:04:08","600"
"A1Z3J8LU8T37FZ","sp_v2_real2","3EQHHY4HQST33A6ZXIEWLZ9339CG5U","Male","77","56734","258529","I wanted to maximize my points but punish the other person if they chose to reduce my points.","2017-05-30 15:04:10","601"
"A2JHF7CU91EVXW","sp_v2_real2","3ZWFC4W1UU8MUX82J5LH6FENUC1FR8","Male","89","137307","337591","I have no comments, no.  Wish I had more chances to gain than the other guy. :(","2017-05-30 15:04:17","602"
"A1PTH9KTRO06EG","sp_v2_real2","34S6N1K2ZVKV5V4V9BCLNOH14ZPLHM","Male","96","33348","234173","To not lose points.","2017-05-30 15:04:23","603"
"A18S8HN3R2LL3N","sp_v2_real2","3TS1AR6UQQFCCEONARNB1YNNT077F1","Female","80","124100","395871","At first I wanted to make the game fair, but then I decided to just try to keep the most bonus.","2017-05-30 15:04:26","604"
"A2UNJZ0MRTWHXJ","sp_v2_real2","3QAVNHZ3EM5GV8WH352T62UXR4ZAL0","Male","100","71024","345046","my strategy was to not get into a situation where we were subtracting points from each other as that would be counterproductive in the long run. ","2017-05-30 15:04:34","605"
"A1GKEEI844CEKI
","sp_v2_real2","3X08E93BHVJXPLH7QOFF1EAE5QK66Y","Male","90","74552","278178","none. ","2017-05-30 15:04:35","606"
"A3EYWJCIO1MG9W","sp_v2_real2","3OCHAWUVGOLH7FMSTFI6BASG3P3KXB","Male","100","77259","297770","Strategy was to not piss off my partner","2017-05-30 15:04:42","607"
"A3FP9YHFUFOGB0","sp_v2_real2","317HQ483I7TLPQI0R6AL0SM5973NII","Male","74","90837","476762","I wanted to be fair. If the person decide to take points away I would take the same amount from them.","2017-05-30 15:04:42","608"
"A1OUD2FVFBTL6G
","sp_v2_real2","3VNXK88KKCJ5MUY6P3QZXGHFCKIV9O","Female","94","72054","346206","I tried to be fair, seems like it worked out well. Thanks for the opportunity!","2017-05-30 15:04:46","609"
"A3TM85O4E7IOUU","sp_v2_real2","3OVR4I9USPKCKGWDM90YAL7R90PQ4T","Male","65","66791","364816","I tried to minimize the points lost, my first partner kept trying to gain points so I would subtract their points and it really hurt us both.  My second partner understood what I was trying to do and we didn't lost any points.","2017-05-30 15:04:47","610"
"A12E4Z8DBFUL29","sp_v2_real2","3OJSZ2ATDSXKAHVY4FA2FMWA46T75I","Male","56","82492","327153","I only took points away from them if they did the same to me.","2017-05-30 15:04:51","611"
"A257GI2KGYW73J","sp_v2_real2","3GGAI1SQEVZOU5B0NVZZCAZARCACM6","Male","89","132618","438032","To not lose points!","2017-05-30 15:04:53","612"
"A3PUU1XU4C1A3V","sp_v2_real2","3Q5ZZ9ZEVOGOAV0HEK28TMS5FQZ856","Female","100","97567","355393","just didn't want me or partner to lose points","2017-05-30 15:04:58","613"
"A398O60Z1KEZM8","sp_v2_real2","3OS46CRSLF0I4BW8RWNND6QDMJAV6D","Female","92","139342","437930","I tried to not go negative for either x or y. ","2017-05-30 15:04:59","614"
"A2AMBJ0RTXFLPC","sp_v2_real2","3HYA4D452RK5QDRH4F6G576FIKL2FG","Female","84","116840","424897","I tried to do the right thing in each scenario.  I like to be fair.","2017-05-30 15:05:04","615"
"A3609GDWR2JCCA","sp_v2_real2","31QNSG6A5RU3XZE02DH5R6616WU87L","Female","100","82686","296797","I just wanted to be fair to the other person.","2017-05-30 15:05:08","616"
"A2FNQQTVE32XD9","sp_v2_real2","3NXNZ5RS1AY3B4XA75NJR21CQ2C799","Male","90","147717","421156","i was losing points each time I chose the better of the options. so i chose not to do anything with my points at all.","2017-05-30 15:05:14","617"
"A3F9IQB0297J9D","sp_v2_real2","3TOK3KHVJTJ6IR1G9U61OSW1L1Y7ON","Female","80","72961","453012","thank you. Was trying to keep as much as possible","2017-05-30 15:05:15","618"
"A382OV019QLW6H","sp_v2_real2","3WSELTNVR334EL4MCE4KST4ELHLAT3","Male","85","61960","313923","in the first, try to maximize points. IN the second, try to minimize losses.","2017-05-30 15:05:21","619"
"A15FXHC1CVNW31","sp_v2_real2","3MB8LZR5BFUM7L53FWFI0GXTWGTLKQ","Male","87","36450","281175","I tried to maximize my earnings, but realized that the option of earning more led to me losing more while the options of keeping it 0,0, led to me keeping my 'free points'.","2017-05-30 15:05:28","620"
"A1TVSNRTAONN2D","sp_v2_real2","3K2755HG5S4STNPX14QX1QXJFBADF0","Male","100","79263","288847","Always choose zero","2017-05-30 15:05:30","621"
"A2WYEOT1O3OXPS","sp_v2_real2","3JBT3HLQF837N1JN7PBZ4CUQ5Z6ZPN","Male","100","112386","458445","I just wanted to make things as fair as possible.","2017-05-30 15:05:31","622"
"A265ZA1Q2R2TGT","sp_v2_real2","3PB5A5BD0V7IQEKILBTTJJNZUF7G79","Male","100","57994","264288","I did the do nothing option unless my partner chose an option that negatively affected me","2017-05-30 15:05:32","623"
"AQY4X23DGYXAP","sp_v2_real2","31UV0MXWNQDHZ1CUN6EZ6BMJIM45IB","Female","83","64593","376763","No comments, thank you. I didn't really have a strategy. The options weren't very appealing.","2017-05-30 15:05:35","624"
"A2G2I4FY3SE85V","sp_v2_real2","3RXCAC0YIRQMQSP1VGLZXJJU5ZDG8W","Male","85","77776","329111","Fucking bullshit, I want the chance to play as X against Sam an equal number of times so I can steal back all the points he stole from me.","2017-05-30 15:05:38","625"
"A1P08M8GNREVEK","sp_v2_real2","37C0GNLMHF4WAUWM0BNT7KK6MC76DQ","Female","96","63683","266143","I wanted to maintain as many points as possible, so I did what I believed my partner would want.","2017-05-30 15:05:41","626"
"A3F1TKU374CF9L","sp_v2_real2","34BBWHLWHACBCKREJ718WBZW2J8IW5","Female","83","35422","219822","I don't have any strategy, I just picked the one that made the most sense. ","2017-05-30 15:05:51","627"
"ADKKDK6P4MS1Z","sp_v2_real2","3KXIR214I4HVSXUSKYAXE39OTUC42U","Male","97","80663","325787","i wanted to be fair with the first partner. the second partner got greedy with me so i penalized him twice to teach him a lesson.","2017-05-30 15:05:54","628"
"AVPITE4HFF3BE","sp_v2_real2","3R2PKQ87NW9F78X0F5VLNDX54HUIME","Male","69","46666","312874","Study was fun and refreshing. My strategy was to try and stay above 50 the whole time and i achieved my goal","2017-05-30 15:05:54","629"
"A2SF0TUK6XTPCO","sp_v2_real2","32XVDSJFPZYBWNJYQ2AT0XQOFLX2MN","Female","95","69063","312423","i wanted to not lose money at all. didn't care about gaining.","2017-05-30 15:05:56","630"
"ANBGKXBLD9Y35","sp_v2_real2","39L1G8WVWQS3LGTS1G50ZF7DNO213P","Male","94","47621","392955","No comments, but my strategy on the first round (as role X) was to try to maximize outcome, but I quickly learned that by doing so, role Y was going to continue to deduct points, so it was better to neither add to my points, or detract from my partner's.  As role Y, I wanted to maintain what points at had, so whenever role X chose to deduct my points, I would do the same to them to make them stop.","2017-05-30 15:05:57","631"
"AZIY6IFOS4CVC","sp_v2_real2","32M8BPYGATNFFY1E42XQA8D88VIIG6","Male","68","75535","359416","Minimizing the amount of points I would lose and being fair.","2017-05-30 15:06:02","632"
"A1J7PJ21DIQJ6Z","sp_v2_real2","3GDTJDAPVUCMI2LN6JJUAO3R1LP8MW","Male","96","68607","306276","Try to limit my loses. ","2017-05-30 15:06:02","633"
"A1DNJ3C38BJ0MJ","sp_v2_real2","39LOEL67OS6LWGDD01EFEPUL1U883G","Female","82","88487","422582","my partner chose the letter that I always chose. for example if I chose 0 points for both of us, they chose 0, but if i chose +1 for me and -1 for them, then they punish me and take away 3 points from my score. So my strategy was be neutral and put 0 and 0 as my choices.","2017-05-30 15:06:05","634"
"AOO39X8E3OJYY","sp_v2_real2","3W92K5RLWUIML7WUMDDIL0CDQOZV5X","Male","98","92102","383546",,"2017-05-30 15:06:11","635"
" A1FYTTGF0QACU9","sp_v2_real2","3137ONMDKG63ZTZS8J7ZPTFGG2BGEV","Female","88","70053","337134","its hard to earn points","2017-05-30 15:06:15","636"
"A3NQ4ZG8PEN9X4","sp_v2_real2","30LB5CDZNCB4ZKF3Q4W9PBTIXRV0ZI","Female","84","131752","403177","no.  more points","2017-05-30 15:06:15","637"
"A1I7LMTRDAMY6Y","sp_v2_real2","3VE8AYVF8MYGCST6KWFHFYJI4KD8FP","Female","85","97186","369219","I just did not want to interfere with anyone else's points so always choose doing nothing.","2017-05-30 15:06:15","638"
"A2ZTXC0WB8DPJP","sp_v2_real2","3MX2NQ3YC9VEPW1PMSE09L9Y6Z85XB","Female","63","94951","413281","I really do not know my strategy, it was more random.","2017-05-30 15:06:23","639"
"A25N0K40JAZTN1","sp_v2_real2","3S4AW7T80BJ1TJG0U4S2TZ8XZU3L40","Male","96","87857","378609","I tried to maximize my points at first but found out really quick that it wouldn't work (getting punished too much by the other player).","2017-05-30 15:06:29","640"
"A34CDAXB2IMLDP","sp_v2_real2","3AZHRG4CU4L3ER8A5X10LAO3IWW30O","Female","96","89945","505218","to keep as many points as possible","2017-05-30 15:06:36","641"
"AEFZE7BIGDAS2","sp_v2_real2","3X87C8JFV6CVM1YOCAWG8ONXNGSSQ2","Female","57","183726","547471","If the other player was choosing the negative option I chose the negative option and vera visa.","2017-05-30 15:06:40","642"
"ALGFDLMLSSKZ","sp_v2_real2","31T4R4OBOSH5924DJPXATS2KWNF7CQ","Male","70","186722","486855","Even the playing field","2017-05-30 15:06:45","643"
"AITY0PTUTW9HW","sp_v2_real2","3TE22NPXPBD5VB9FOCTL7I6MD8844Q","Male","100","99571","351250","My strategy was to keep with the bonus I had already...I was not going to penalize anyone else so my choices were always b and d.","2017-05-30 15:06:58","644"
"A39GADIK8RLMVC","sp_v2_real2","3AAJC4I4FGTB1QGPCC6F7G8EW00ZJN","Male","68","30476","302982",,"2017-05-30 15:06:59","645"
"A3TYWTLNIKKD29","sp_v2_real2","3HMIGG0U4L7MCJA1PM754JQYAV38YM","Female","87","31369","241380","hurt my score the least","2017-05-30 15:07:01","646"
"A1F1OZ54G177D8","sp_v2_real2","38SKSKU7R1YV1QFFFTU6N0IG4C4LIF","Male","100","60111","379362","I didn't want to cause harm to my opponent","2017-05-30 15:07:04","647"
"A16184N1RO5OJV
","sp_v2_real2","3K9FOBBF2HKNFRQ6C97YS8EXQBYLNV","Female","83","92010","334215","Thanks. i just want to minimize my lost. ","2017-05-30 15:07:07","648"
"A15PHPJA7AWCS3","sp_v2_real2","3HRMW88U16R40DGKBF6FH9X9IND0M1","Male","100","45441","235680",,"2017-05-30 15:07:09","649"
"A3KTMAS53OY3NJ","sp_v2_real2","3SB5N7Y3O35483KY0C8K44DCM11G09","Female","96","111877","430167","My strategy was just to try to reduce the amount of points lost.","2017-05-30 15:07:10","650"
"A3517BE019BSHL","sp_v2_real2","3I33IC7ZWF3AUMA9TZKOR6VOL48A2B","Male","82","137450","542980","No comments. My strategy was picking every other letter.","2017-05-30 15:07:12","651"
"A2HG1N3BVAO6I","sp_v2_real2","333U7HK6I9G8YPBTKUHIGOPB8IRDJ3","Female","100","100528","371102","I wanted to be fair and not try and be greedy.","2017-05-30 15:07:14","652"
"A1DDBGQDMZZ1VW","sp_v2_real2","3QY5DC2MXRLEAP0JNZGMBQ171B5FUC","Male","91","104843","482390","I was trying to maximize my bonus. ","2017-05-30 15:07:18","653"
"A3AIUG6ILEEBI7","sp_v2_real2","3IXQG4FA2TZQDG00KMZZW4N89S3B9Z","Female","83","65351","306209","My strategy was just to avoid losing as much as I could.","2017-05-30 15:07:20","654"
"A0623383IMO25HCSBET7","sp_v2_real2","3634BBTX0OV91Y5JTIR8SNDW7GIIF7","Male","93","111291","436884","To establish equality without hurting each other bonus.  ","2017-05-30 15:07:25","655"
"AYZ85PU887QY1

","sp_v2_real2","3EKVH9QMEY58STDLD9BQH73U675D2G","Female","81","82517","383423","There was really no way to keep gaining points so if they took from me i took from them. If they gave to me I sometimes took zero from them.","2017-05-30 15:07:27","656"
"A28FW73RBVGYZ9","sp_v2_real2","39U1BHVTDLS4U0513ZPA5LQ8F7ST3P","Male","100","51451","266214","I wanted to be as fair as possible. ","2017-05-30 15:07:29","657"
"A2UKCO1M1MEMZW
A2UKCO1M1MEMZW
A2UKCO1M1MEMZW
A2UKCO1M1MEMZW
A2UKCO1M1MEMZW
A2UKCO1M1MEMZW
A2UKCO1M1M","sp_v2_real2","3XXU1SWE8MW3YC7VECGA8I29O6O0AH","Male","76","131800","432087","too not lose!","2017-05-30 15:07:31","658"
"AYRDQURDRXIDM","sp_v2_real2","3IOEN3P9S7K2IZGAKI3Y6IJXXF416V","Male","83","70849","323510","My strategy was to lose as little as possible.  By punishing the other person, I would end up losing more.","2017-05-30 15:07:35","659"
"A1DCMEQEI9DM91
","sp_v2_real2","3PZDLQMM0TMYN177DDGFX1LCL7T2C5","Male","85","166664","418542","pick the same as my partner to maximize my bonus.","2017-05-30 15:07:36","660"
"A2THUX46Y0C8V1","sp_v2_real2","3XC1O3LBOSNLA4VQ95TA17KPFTKLTW","Male","83","72341","335271","Strategy was to keep my points as high as possible regardless of opponent's. I tried giving myself points one time but he took them away. Over all, I stayed even at 0/0 to try to preserve mine.","2017-05-30 15:07:37","661"
"A3AZJGI9D7C0PD","sp_v2_real2","31N2WW6R9RRUBVN08FKLOHB7OYL3FS","Female","79","47250","360986","Thanks for the study!","2017-05-30 15:07:40","662"
"AKY00Z7IB63UV","sp_v2_real2","3P529IW9KYMBRZDPELOLK35OOKCLFO","Female","90","136698","441259","I tried to pick the option that benefited both myself and the other person.  I found that if I chose no benefit to myself and no penalty, the other player did the same and we both did not lose money.","2017-05-30 15:07:43","663"
"A26ZENZ5G8AEGM","sp_v2_real2","3HFNH7HEMHFSWWPXHA2ZJA4UZ5ZGQ7","Female","100","86550","339096","I choose the option that didn't cause anyone to lose points.","2017-05-30 15:07:43","664"
"A2F9V69F6TZIAB","sp_v2_real2","34HJIJKLP5X4POSU88U8G86ZQS54V2","Female","87","74874","339866","no comments","2017-05-30 15:07:46","665"
"A1Q8V9050IW4XG","sp_v2_real2","39GXDJN2OTF58PFWKBKLXKM4SE0V8Z","Female","78","152524","614735","The first round I was hoping my partner would switch up his decision. Being he did not, I began playing like him before hitting a certain amount. Second round, I just played in the way I wanted.","2017-05-30 15:07:46","666"
"A1DIL5CPN9GUU5","sp_v2_real2","36U2A8VAG1067KC2YB48UOZP5VXKYH","Female","93","126809","496863","I didn't want the other player to lose points and I wanted not to lose points myself.","2017-05-30 15:07:48","667"
"A3AY059NMP3VIZ","sp_v2_real2","3G5F9DBFOPYY10GPNFERAXF3VXQVHE","Male","64","198952","568340","The instructions and task are clear.  The strategy was to maximize earning money and minimize losing money.","2017-05-30 15:07:52","668"
"A1HN2V46HTHYT5","sp_v2_real2","3Y5140Z9DXHLSBUD7LND4HR09M5IPA","Female","85","73146","391491","I made my choices like I would want others to make theirs","2017-05-30 15:07:57","669"
"A32FIOOQE8U98U","sp_v2_real2","3HMVI3QICJT41JQGQ1YQP93QWPWY1R","Female","83","59721","357331","none, I helped the one helping me and wanted to go against the on egoing against me but was to nice.","2017-05-30 15:07:58","670"
"A2KDVHF0E0EINH","sp_v2_real2","3DBQWDE4Y6Z9D2NLKMRRBJI04LY5NR","Male","94","210408","576135","after testing to see if other would deduct points when i was player X i figured to maintain the most points would be to take and give zero as long as they did the same we both keep most or all of our points.","2017-05-30 15:08:05","671"
"A3NQ988D43B0JW","sp_v2_real2","3DH6GAKTYYQ1WFBOYC7IH3N2949ZYH","Male","81","33324","385971",,"2017-05-30 15:08:17","672"
"A1JMD1M91WRWGB","sp_v2_real2","3Y4W8Q93LZLHPKBN1JV1JC0535XVD5","Male","77","216789","660867","This is friggin slavery, you're a fucking sociopath.. I use to live at Porter Square you people are fucking insane, I hope you morons that bought into the fake terrorist shit die a long death!!","2017-05-30 15:08:21","673"
"A1IC8J514UZ4BA","sp_v2_real2","3B2X28YI3WG3VXY2MFWNCUW6JRVB6O","Male","94","91222","379978","My strategy was to minimize my losses.","2017-05-30 15:08:23","674"
"AU3NJ6CG34UP","sp_v2_real2","3M68NM076H8QB4FRICIDC91A1DY6RW","Male","92","86282","333696","I was trying to make the most bonus money possible regardless of my partner's decisions.","2017-05-30 15:08:23","675"
" A332JOE9IUF8H3
 A332JOE9IUF8H3
 A332JOE9IUF8H3
","sp_v2_real2","3WJEQKOXA83351SDAVKAMNLJTYU1AL","Male","74","74685","442668","try to not lose points","2017-05-30 15:08:40","676"
"A1NGXQMOBCXDC3","sp_v2_real2","3KB8R4ZV1E85SQN8YS59OL9VD5YGBV","Female","94","36863","319452","none","2017-05-30 15:08:44","677"
"A2EGMVENJCHWV6","sp_v2_real2","3FTYUGLFSUM0RQW8VSDOFE66QHWD5H","Female","87","85430","489590","No strategy other than not giving myself any negative points by choosing option c.","2017-05-30 15:08:45","678"
"A1OKRTF0JVITHL","sp_v2_real2","3JZQSN0I3QBV57ZO3UR57B0GS3QGFD","Male","70","31680","279850","minimize losses. No really. Thats all you can do with those choices...","2017-05-30 15:08:47","679"
"A2LE8VTSBGZ70X","sp_v2_real2","3N1FSUEFL51IV7S8HNUEAM0SQL1D4C","Male","92","118729","517862","n/a","2017-05-30 15:08:51","680"
"A3O2JUIF4DZQJU","sp_v2_real2","3YDGXNSEOZV6ECWH0FJYOUMRFU448X","Male","100","151950","431456","I figured if I screwed them over, they would just screw me over even more, so what would be the point?","2017-05-30 15:08:58","681"
"A3CDWPBKYDDASL","sp_v2_real2","3YOH7BII098P3QHXT0HONPVVNEUVKI","Male","59","203599","437642",,"2017-05-30 15:08:58","682"
"A25CAT0W9W97Z8","sp_v2_real2","3ON104KXQKXH4DSZYIZ42APDX174WC","Male","96","64764","298278","my strategy was to select A at first but it wasnt doing well so I stayed on B or D","2017-05-30 15:09:00","683"
"A3BP890CXV4UMN","sp_v2_real2","3EWIJTFFVO86OPO7UHIW41S09LM0EC","Female","85","41333","368954","I tried to be fair at ties","2017-05-30 15:09:00","684"
"A2WX9BYW5TI8OA","sp_v2_real2","3ZPBJO59KP2C7JG3WUEX4B9WVQNDHY","Female","98","104621","434275","I wasn't going to let someone else ""Ryan"" get extra points while taking away from mine so when that happened the first turn, I chose to show him that it wouldn't be wise as I would take more points away from him.  I like to keep things fair and didn't want to take from others.  ","2017-05-30 15:09:04","685"
"A1MM8TSLCHVMNK","sp_v2_real2","3LUY3GC63Z1O3RDHOUJGDS1RV6U7P4","Female","77","147293","358877","I tried to be fair and still make some bonus money.","2017-05-30 15:09:06","686"
"AQM6UCXA60QY1","sp_v2_real2","3E337GFOL997TZC51IAIFG9PUUCGNK","Male","97","97721","455612","My strategy was never take away from partner. I want the whole dollar.","2017-05-30 15:09:11","687"
"A3ERBRA143QOS3","sp_v2_real2","39K0FND3AHG01QE23H386F9MR9PAM2","Male","98","194844","617851","There's no way to get ahead when you try and strip them of their points for yourself.  My strategy was to read the other worker when I was X so that I could make more points, but when they chose to take away points from both of us for penalizing Y, I chose to stay with my 98.","2017-05-30 15:09:20","688"
"A3HTLXAPOBCVVO","sp_v2_real2","33M4IA01QG23UJZNJZR3CMEUYHWXRG","Female","93","97141","385563","Well, it didn't make sense to remove a point from myself just to punish another player if I felt I was treated unfairly.  So, I always selected to play fair, 0 impact.","2017-05-30 15:09:23","689"
"AY6KEV4709IWP","sp_v2_real2","3NPI0JQDAO6B1PAO1XMHIOT9K3KPTX","Female","96","386735","742961","no comments. i tried to get the most points i could. ","2017-05-30 15:09:32","690"
"A1SO9R81HMMIQD","sp_v2_real2","3E7TUJ2EGCNJSDYKYIQ5RUB8CDFD98","Male","57","84915","523159","i wanted to try and lessen my losses since there is really no way to actually gain if your partner decides to not reciprocate...","2017-05-30 15:09:36","691"
"A3EO1V3OGZ5644","sp_v2_real2","3WJ1OXY92AHLG1CY9GTP1X8R7408AC","Male","96","109592","357488","My strategy was to get the most points.","2017-05-30 15:09:38","692"
"A2ZVG10XPGLEG4","sp_v2_real2","3JV9LGBJWTFPBKCH2XAVU59UK4HGOZ","Female","59","108954","447391","I was trying not to dick the other guy over, but if he chose to dick me over, I would do the same.","2017-05-30 15:09:45","693"
"A17MUS17DFQZ4P","sp_v2_real2","3TAYZSBPLL9EUIW3AZ6FC6PU7AF2SZ","Female","89","254155","677487","I found out that they would just want to keep their bonus so I had to go neutral on both cases. ","2017-05-30 15:09:45","694"
"A30D53GQS972MM","sp_v2_real2","3OSWBBLG1EY9T9GI1YWJ7XXQJG6DXR","Female","71","59841","453013","In the first round, I gave the other person an opportunity to play nicely, and then ""punished"" them for being greedy. In the second round I played nice, making sure neither of us lost points, and they apparently felt that I was being fair and played the same way.","2017-05-30 15:09:47","695"
"AS4WHZ0EVURW","sp_v2_real2","3B1NLC6UGZX7WKOIHXNAJ5EKU9DGPG","Female","100","110947","361476","I just opted to be fair.","2017-05-30 15:09:48","696"
"A19UBZFVUWL1ES","sp_v2_real2","3OS4RQUCR9GZEQRDN8ZR609JCQYBFR","Male","96","53056","253484","no comments, strategy was to maximize points","2017-05-30 15:10:04","697"
"AR5E0ZVWKJA95","sp_v2_real2","37QW5D2ZRGNPGXYSQGFGMX2XTA78S8","Male","87","93840","333135",,"2017-05-30 15:10:04","698"
"A1WME43UWP64ER","sp_v2_real2","3VW04L3ZLT7NRFLZSYXV140IZYHXXC","Male","79","67887","365711","Just be fair","2017-05-30 15:10:05","699"
"A1S0K5MZGN0VBL","sp_v2_real2","3RJSC4XJ10V6S6VEJGPT07MNWSN50G","Male","74","286061","795416","None","2017-05-30 15:10:05","700"
"A1DS5O8MSI3ZH0","sp_v2_real2","3DUZQ9U6SMPNR9U5Y9QQEBM5487SVW","Male","89","592486","795078","I just wanted the best bonus I could get","2017-05-30 15:10:06","701"
"AMA18W8F60Y2J","sp_v2_real2","3180JW2OT4DDUCW05OZZIC1JV1T5JN","Female","98","44308","303514","My strategy was to not take any points from my partner unless they took points from me first.","2017-05-30 15:10:42","702"
"A3QM5J2H1DMON5","sp_v2_real2","3PJUZCGDJ6H7BI2THAFP52X71MI89X","Female","72","82520","382735","At first, as Y, I did 0-0 (Option D), even though my first partner chose to enrich himself at my expense. I did this for 2 trials.  But when he persisted with Option A, I switched to Option C. Oddly enough, he continued with Option A.

When I, myself, was X, I always chose Option B (0-0), because I'm not going to earn money if someone else has to lose it for me to do so!
","2017-05-30 15:10:48","703"
"A3908297ZI3LES","sp_v2_real2","3ZV9H2YQQD8WMH9VY4ULS5X7J1B3WQ","Female","78","218746","578858","maximize my points
seemed like the first player was trying to hurt me at his own expense and the second was helping me at his own mistake","2017-05-30 15:10:52","704"
"A2HM5WU1XILZJ1","sp_v2_real2","3LS2AMNW5FRGO96V5TF7OJDWQRQQO4","Female","92","219487","514558","TO LOSE AS LITTLE MONEY AS POSSIBLE","2017-05-30 15:10:53","705"
"A3BH9LOU9KV6T0","sp_v2_real2","3DPNQGW4LLGJAYDT70M04GQ09ZE46B","Male","86","62773","255193","Try not to lose as much as possible","2017-05-30 15:10:57","706"
"A2VLFAX57Q3328","sp_v2_real2","3PXX5PX6LXZ4IZA5CSDZSZYSFALBAE","Male","100","161544","528062","My strategy was just to be a nice person. No one needs to lose any points if everyone just picks 0. But if the first person did gain a point and removed a point, the 2nd person can just make it so everyone loses 2 points in total, it's just silly. If everyone is good/nice, everyone gets 100 points simple as that. ","2017-05-30 15:11:03","707"
"A3CFBT2CBQQIZY","sp_v2_real2","3NGMS9VZTLJPR73TSALNPQ04ROQFFD","Male","92","70354","280420","My strategy was to maximize my earnings.","2017-05-30 15:11:12","708"
"AASIGPQ0JMKIP","sp_v2_real2","31IBVUNM9S0EN4PJSPQR7C3QFIEFV1","Female","97","354644","663745","I figured we both want to end up with as much money as possible.","2017-05-30 15:11:19","709"
"A2Z6GJ1FJEHC6K","sp_v2_real2","31HQ4X3T3SBKV4IBK5OKR2O3DA6LS7","Female","89","79472","489082","To try not to blame the other person for getting as much as they could. ","2017-05-30 15:11:21","710"
"A11R8G0FYA2UVQ","sp_v2_real2","369J354OFDBZME6D21O1D5N3Z4NG6A","Female","88","127147","470313","to not hurt us both by retaliating. ","2017-05-30 15:11:25","711"
"A3H48TMCITL94X","sp_v2_real2","3G5F9DBFOPYY10GPNFERAXF3VXRHV1","Female","95","82451","310295","I tried to lose the least about of points!","2017-05-30 15:11:26","712"
"A36O6HV8LCXLJR","sp_v2_real2","3TU5ZICBRD2D3HJFYCQBRXNWBMM8QJ","Male","100","121806","562616","Cooperation is a beautiful thing. My strategy was to play B or D no matter what the other guy did. I try not to let what other people do influence me doing what I think is right.","2017-05-30 15:11:26","713"
"A29KUIEVPK8WB4","sp_v2_real2","33PPO7FECVGC3ERN2CWI4NABV32DIR","Male","98","67920","324214","to keep as much as much as my points as possible.","2017-05-30 15:11:49","714"
"AIC8CB12DQC0K","sp_v2_real2","3BV8HQ2ZZW2YCNTAG1WRHJC019A6AO","Female","67","284492","709288","Tried to be fair, but that Sam was a real piece of work!  He was so greedy.  I tried to help him and he just refused to help me, so I then tried to punish him.  Ryan was a much better partner.","2017-05-30 15:12:25","715"
"ATOPSQ6JDYZ6H","sp_v2_real2","3TMSXRD2X610CEVGB0G24CIALHXW1R","Female","98","106019","364303","If the other player was fair, I was also fair.  It is best for both players to play fairly for the best results","2017-05-30 15:12:31","716"
"A002160837SWJFPIAI7L7","sp_v2_real2","3IGI0VL647LVLCT3P1NQKPIRLG3ONF","Male","97","41007","229744","I only took when the other did. ","2017-05-30 15:12:34","717"
"A1C59M3HPCO503","sp_v2_real2","38JBBYETQOBNND68DI5YG4IDQX2E46","Female","96","43576","317887","I never would subtract points from both of us. For the first one, whenever I would try to increase my score he would punish me, so I ended up losing points. So I stopped, which was annoying.","2017-05-30 15:13:05","718"
"A3CPQP08A6J09F","sp_v2_real2","3FTF2T8WLRJI1JYBFDVVJI0TJTL9WD","Male","77","277108","679126","It was very interesting, with Ryan and both of us choosing the 0 point option each time, felt like there was cooperation and a connection. So I just returned the same 0 point option. With Sam even though I was punishing myself I felt it was justified to take 3 points from him at times.","2017-05-30 15:13:08","719"
"AU2NVT51E749C","sp_v2_real2","3LEP4MGT3G12G6DHW241I06Y0DIBDG","Male","98","71277","337840","I trusted that if I chose not to harm my partner, they would choose not to harm me. Then I chose to harm my partner if they chose to harm me, forcing them to fall into line and cause no more harm.","2017-05-30 15:13:27","720"
"A2DU76P3SED4T6","sp_v2_real2","3H7Z272LX78NIC2JSOKQWXJSQQZLPR","Female","80","121178","404540",,"2017-05-30 15:14:05","721"
"A19ED8FYO6CA36","sp_v2_real2","3NPI0JQDAO6B1PAO1XMHIOT9K3LTP2","Male","97","70264","425399","When I was Y, if they hurt me, then I hurt them. Even if it cost me, I knew it would cost them more and eventually if they were smart they would stop and play fair. When I was X I tried to see if I could get away with taking advantage of them but when I saw that I couldn't without being punished I decided to be fair.","2017-05-30 15:14:06","722"
"A1Y508FNU04ZLH","sp_v2_real2","3TEM0PF1Q5Y1WJA7YM7CYJAF99L0DJ","Female","76","634253","907884","no comments.....","2017-05-30 15:14:30","723"
"AM2KK02JXXW48","sp_v2_real2","3GNCZX450IO6MTBFVXV0NJ3HWE0APY","Male","79","103770","432950","my strategy was to end up with as most points as possible.  Good luck.","2017-05-30 15:14:35","724"
"A1DZLZE63NE1ZI","sp_v2_real2","3U8YCDAGXPHVLSEC38DWYIHESOA0QO","Male","95","183503","511718",,"2017-05-30 15:14:41","725"
"A1YZ0ETOCJO1B2","sp_v2_real2","3AWETUDC92TF6FWJUULFVFTEJLBZIB","Male","60","80863","415116","My strategy was if the other person took a point from me I would take points from them even if it cost me some additional points and when I was deciding first I wouldn't take points from the other person.","2017-05-30 15:14:51","726"
"A27HVVLSZZ13XK","sp_v2_real2","3MHW492WW0EKTEH0ECU422NZCJQMVF","Male","100","125143","430664","I wanted to keep as many points for my self and my partner by choosing zero each time.","2017-05-30 15:14:54","727"
"ADAWXO0BM89BY","sp_v2_real2","35GMH2SV3EIRR6GQW2K7U2OI7O2OEQ","Female","71","207615","628672","I was conflicted in trying to decide between choosing the option that would benefit us both and trying to earn more points. I sometimes based the option I chose on what the other person chose to try and be ""fair"" but also sometimes chose based on my wanting to earn points.","2017-05-30 15:15:20","728"
"A26UIS59SY4NM6","sp_v2_real2","33LK57MYLT640TZFZ6FTZHZ1SJDSZW","Male","100","84998","335238","To not lose points. There was no gain from any other scenario.","2017-05-30 15:15:41","729"
"amy9ff4emw50o","sp_v2_real2","3M0NZ3JDP1Z3UR14NA2L66P9EZ65Z8","Male","63","35456","408190","no","2017-05-30 15:15:42","730"
"A3Q7M403ZI5OGN","sp_v2_real2","3BWI6RSP7GAK60ORFG35JG2NHZS7EJ","Female","87","488211","1003233","As Y, picking option C would have drained my points even faster, so I only chose it once as a ""token protest"". As X, I tried to gain a few points back.","2017-05-30 15:15:46","731"
"ALF9AAZGQP4K5","sp_v2_real2","3ZDAD0O1T1EGAYCFNOWYC1FCM2TXTT","Male","98","171117","599390","at first i figured we could all make more money if we all did option a, then the second chooser picked d, but then I realized that didn't make any sense. so i tried not to lose money.","2017-05-30 15:15:47","732"
"A26HEELX3JRTNF","sp_v2_real2","3MRNMEIQW57ETFZTNFTVW323C7WDL5","Female","70","297240","495432",,"2017-05-30 15:16:01","733"
" A1GTYHV8OYQQLV
 A1GTYHV8OYQQLV
 A1GTYHV8OYQQLV
A1GTYHV8OYQQLV","sp_v2_real2","37C0GNLMHF4WAUWM0BNT7KK6MC7D6X","Male","88","142923","675073","do not try to punish it only hurts you.","2017-05-30 15:16:01","734"
"A1AKL5YH9NLD2V","sp_v2_real2","39PAAFCODM1O697KN9VGOGIR6RLVTO","Male","85","94441","318336","My strategy was to never deduct points because it makes no sense to lower the total amount of money earned by everyone. ","2017-05-30 15:16:22","735"
"A3PDHDQZZKCTT5","sp_v2_real2","3A9AA95ATWN9GNZY014JF8NV40Z5PN","Female","80","375904","1087969",,"2017-05-30 15:17:01","736"
"A1G0MX8JU2TBL1","sp_v2_real2","34T446B1C0FRRR4TYQC1EDSXO990CJ","Female","100","65755","307459","I figured that choosing the option that benefited both of us was kindest","2017-05-30 15:17:18","737"
"A207IHY6GERCFO","sp_v2_real2","3U5JL4WY5KAWTDXP8NVQ4T3K63D4X5","Male","89","35192","220998","don't hurt myself","2017-05-30 15:17:48","738"
"A28HB7240OFGEW","sp_v2_real2","30MVJZJNHMEWVZYC8ECGUS6LHXC9JI","Male","100","63099","272198","I did not want to rock the boat. I just always chose to not gain or lose any points.","2017-05-30 15:17:55","739"
"A39XQI36EWJLDJ","sp_v2_real2","3FIJLY1B6U51IKSN6DHS1KE8TUCPFP","Female","58","139170","392338","If my partner was being greedy and taking points from me I did the same. If my partner was fair and chose the 0/0 points I did as well. ","2017-05-30 15:18:08","740"
"AWXIEV9H6KT9E","sp_v2_real2","3WS1NTTKEYDYU3O3PS22MJD0LM10FU","Female","83","401006","978100",,"2017-05-30 15:18:20","741"
"A3TUCOUVSP9ZGY","sp_v2_real2","3CFJTT4SXTRWM5QDBZTW4V0F9SZ7IS","Female","98","70594","292000","Maximize my points.","2017-05-30 15:18:36","742"
"A3U74S280Z4B0","sp_v2_real2","3I0BTBYZAXM4UU5YUIUQB4KGRXR0YR","Male","70","110983","367471","If someone took points away from me, I ""punished"" them by taking points from them. When I chose first, I picked the ""peaceful"" option and did not earn points for myself and did not take points from the other player.","2017-05-30 15:18:44","743"
"A40NQ0BN8JXTD","sp_v2_real2","3TOK3KHVJTJ6IR1G9U61OSW1L1Z7OO","Female","98","100705","380752","My strategy was to get points for myself and for my partner so that the distribution was fair.","2017-05-30 15:18:46","744"
"A3L2UB07EZJAMD","sp_v2_real2","3TVRFO09GKGSRL4AEFU7QA5VSP7XLQ","Male","81","72310","357942","Partner A didn't seem to care if I took away his points or not. Partner B seemed content to leave things as they were. My only goal was to get out with as many points as I could, which meant I chose the zero option after the first few rounds. ","2017-05-30 15:18:46","745"
"A2E2UARVOVDR9Y","sp_v2_real2","3DI28L7YXAF6VE9PQ0MWI6BAEDSE1T","Male","93","60671","424376","I wanted to maximize everyone's benefit","2017-05-30 15:18:47","746"
"A2P53AN2M8IWFP","sp_v2_real2","30OG32W0SUC99LGEVNKUFDODHEWNE9","Male","97","71483","571970","My strategy was to maximize my bonus and not worry about punishing anyone.","2017-05-30 15:18:59","747"
"A1C3KQ40FOV78S","sp_v2_real2","3XCC1ODXDLCJLMYBXLWBIEI11EAQRD","Male","85","64480","335822","No. I decided not to cause myself to lose money","2017-05-30 15:19:13","748"
"A2K3VLXR2IM7IN","sp_v2_real2","3LO69W1SU3EH5Z9KP5U32O50PZCLGN","Male","98","80888","334972","I was trying to conserve my points, but I would retaliate if they chose to dock my points.","2017-05-30 15:19:22","749"
"A13M79DZ3D0ONV","sp_v2_real2","3G2UL9A02DFGTLVC9YK77SAA01476Y","Female","70","116829","367784","I wanted to be as fair as possible with the given choices. ","2017-05-30 15:19:49","750"
"A2IQ0QCTQ3KWLT","sp_v2_real2","3GNA64GUZE5UGZ0D0EJ8FDD59WL5QE","Female","98","98817","1275228","I didnt feel right about taking away from my partner","2017-05-30 15:19:53","751"
"A3BUWQ5C39GRQC","sp_v2_real2","3OSWBBLG1EY9T9GI1YWJ7XXQJG5XDA","Female","94","59887","289171","None. I did try earning more points but I learned it wasn't helping me at all. ","2017-05-30 15:20:22","752"
"A2WCXJZEXXR60A","sp_v2_real2","3UOUJI6MTDFVABR4NTM8HX1E5G0UXH","Male","83","95289","387224","My strategy was to make the most points for myself.","2017-05-30 15:20:26","753"
"AJH2N4RI8WA6U","sp_v2_real2","373ERPL3YO9WD2Q3EPQ6NJTOLL9TRU","Male","91","108204","394790","After realizing the reaction of my partner, I decided to choose the neutral option. In other words, I choose the no gain for either in order to avoid a loss.","2017-05-30 15:21:04","754"
"A3OB6REG5CGHK1","sp_v2_real2","338JKRMM260E9CDRCKNVEA1QANQAHT","Male","55","80417","301449","to befair if partner is","2017-05-30 15:21:07","755"
"AYZPYHQ5ANE2J","sp_v2_real2","3C44YUNSI1Q4K0ERF7M2DKBNHHXDP3","Female","90","35956","254127","My strategy is to try and get the most point. ","2017-05-30 15:21:22","756"
"A2P065E9CYMYJL","sp_v2_real2","3QBD8R3Z21K9Z4JX7W8ULGCRUZ84O0","Male","91","28228","246063","tried to get the most money","2017-05-30 15:21:25","757"
"A2JZP4AZI1RTG4","sp_v2_real2","3TK8OJTYM1MQEHED6SMWJ6HUHO0PVD","Male","81","81099","619760","This was great! I didn't really have a strategy, I just wanted to make sure I kept as many points as possible.","2017-05-30 15:22:12","758"
"A3J8Y94SGZ3R0E","sp_v2_real2","354P56DE9K4LGJT9GBNA8X62IQ27SL","Female","93","70414","431153","I enjoyed my participation. Thank you!","2017-05-30 15:22:12","759"
"A231YJ92LOFV6T","sp_v2_real2","3JC6VJ2SABK2TJTWBIMMPDY05EZA5C","Female","68","114442","498482","I tried to be nice until the other person wasn't nice to me in the first instance. In the second instance I hit back until he starting being nice, then I was nice. ","2017-05-30 15:22:31","760"
"A15Y215D57OSO5","sp_v2_real2","3ZR9AIQJUBAOWNRE5B6JVFG9WWT047","Male","100","65275","286113","didn't want to hurt the other person, or else there would be a net loss once they punished me.","2017-05-30 15:23:13","761"
"A2C73Y1COWCA51","sp_v2_real2","3IFS6Q0HJIKI53A5Z2R7ZMWBW6BSIZ","Male","77","107831","1494295",,"2017-05-30 15:23:22","762"
"A2GG7HIO2OIXUR","sp_v2_real2","3UXUOQ9OKEYHGN7FZB1JNXCWWKU7AO","Female","100","204055","408417","It made the most sense to not take any money from them because I assumed they'd retaliate.","2017-05-30 15:23:33","763"
"A3K6GRM23GLBDO","sp_v2_real2","32ZKVD547FO4YEBK3DYP5RKM90TB3I","Female","79","301605","1344355","While I choose one option on each game, I expected there could be more positive options for me and my partner.  The option was too consistent and monotonic for me to enjoy the games.  I mostly tried to avoid getting minus point for both parties because the given options made me to do so; frankly, I didnâ€™t want getting minus point for both parties. It was very simple and easy task.  Thank you.","2017-05-30 15:24:04","764"
"A20O44S26VN11P","sp_v2_real2","3U8YCDAGXPHVLSEC38DWYIHESO9Q0D","Female","96","104217","388443","I just went for the safest options that would make each of us lose the least amount","2017-05-30 15:24:43","765"
"A3G5IPGLH1IIZN","sp_v2_real2","3C8HJ7UOP7V12YMAF9J7N80V0UVZMR","Female","98","86737","369236","I would not punish or be unfair but I wanted to let my partner know that I would not allow myself to be taken advantage of.","2017-05-30 15:25:22","766"
"AEAWEN79FLP71","sp_v2_real2","3VNXK88KKCJ5MUY6P3QZXGHFCKK9V4","Female","85","47621","268577","I had no strategy. I believe in being fair, even if it ends up hurting me.","2017-05-30 15:26:09","767"
"A2BN1CX0PTWBXW","sp_v2_real2","3WEV0KO0OMT1XSUJ7OQW8PGY414DSJ","Male","97","122914","391501","try to be fair","2017-05-30 15:26:29","768"
"AAASQIW3J32OL","sp_v2_real2","358010RM5EUVNQG4SJWDDJ3XJN9XV9","Female","82","61461","385132","It was pretty straightforward, and I didn't really have a strategy, other than once in a while penalizing the partner who systematically gave himself money and took some away from me.","2017-05-30 15:26:32","769"
"AUBM70PWS2HZ8","sp_v2_real2","30MVJZJNHMEWVZYC8ECGUS6LHXDJ9T","Male","71","115719","389107","I wanted to be fair. Sam was greedy so I chose to screw him over.","2017-05-30 15:27:59","770"
"A1QX6AXRT6T94R","sp_v2_real2","3WYGZ5XF3WG9BY0TZ5CJC2BOOA0SKA","Female","98","74673","312243","If the other person tried to make more than me, I would take points from them, but if they played fairly, I also played fairly.","2017-05-30 15:28:36","771"
"AIZ4C8S4DW2WG","sp_v2_real2","37Z929RLG998EHQGTEQBDTYK7NRSTG","Female","80","136553","1167475",,"2017-05-30 15:28:56","772"
"A1XPUUD0HLD6HB","sp_v2_real2","3Z2R0DQ0JHFDKZRL94MANPLF6J62EY","Male","81","113695","365037","I was hoping the first guy would stop when he saw I was costing him 3 cents.
When he didn't I realized it was fake and no one is really there. 
So, I just didn't really care after that. 
So, in the next round, I wanted to try and get however much I could back.  ","2017-05-30 15:28:56","773"
"A2CEUCPDECS6U3","sp_v2_real2","3A7Y0R2P2OPMWVGABUIUAVS3O02XJO","Male","82","52060","262423","None","2017-05-30 15:29:11","774"
"A1N4P4XGQM7NXE","sp_v2_real2","36V4Q8R5ZK1SO6LJSD0UWFORVRBQMP","Male","89","257729","1244189","no comments","2017-05-30 15:29:43","775"
"A35TWG9VW1MB5S","sp_v2_real2","37UQDCYH6XW18BADA6SFJKQ9HUUV7C","Female","90","33688","257836","avoid loss","2017-05-30 15:29:58","776"
"ATADQXPHL10Y8","sp_v2_real2","3QAVNHZ3EM5GV8WH352T62UXR4ZLAB","Male","91","113245","325311","I thought I needed to get as many points and my partner kept taking them away","2017-05-30 15:30:31","777"
"A2J1VDVDYZRK29","sp_v2_real2","3YDTZAI2WXHO3CCW1UAJ9KZJ1OY14A","Male","97","320164","737025",,"2017-05-30 15:31:22","778"
"A2R0YYUAWNT7UD","sp_v2_real2","33PPO7FECVGC3ERN2CWI4NABV32IDW","Male","89","43586","272646","I just wanted the biggest bonus, and the only way for that was to choose D the whole time","2017-05-30 15:31:41","779"
"A3D3NEQ158WUB0","sp_v2_real2","3VHHR074H3IYC6YJW2Q9WBS7QWTL7K","Male","86","57812","273435",,"2017-05-30 15:32:15","780"
"A2BS7B4W5GCS4O","sp_v2_real2","3OF2M9AATGP6CAM7UX6R8V8RBP0ZKM","Female","92","92074","360524",,"2017-05-30 15:33:13","781"
"A1DY3TBDY4VZG5","sp_v2_real2","3CP1TO84PT2DOGYSY3T7JVF2TQ925Z","Male","79","52977","365562","At first I tried to limit my losses as much as possible, but then I tried to take my frustration out on my partner. ","2017-05-30 15:33:46","782"
"A1K68SWXO91HL9","sp_v2_real2","3H8DHMCCW9C399HB2FHUH3PON7RDK2","Female","67","205336","576855","I didn't have much of a strategy outside of trying to keep my score from dwindling too much.","2017-05-30 15:34:11","783"
"AEI5USUUPBU2G","sp_v2_real2","3X65QVEQI0O4ONTFNJYKCXKLR7KLCD","Female","83","393262","610340","I tried to be fair and earn the highest bonus I could.","2017-05-30 15:34:57","784"
"A35LCVF2Q3Z2TI","sp_v2_real2","33IZTU6J812FVYZ0YOR82WJQKJFSXZ","Male","80","156091","346502",,"2017-05-30 15:35:45","785"
"A9AGWXBGQV61L","sp_v2_real2","3L6L49WXW0YNRUDF2HCVCAC0D4345V","Female","74","241180","568753","Not really.","2017-05-30 15:36:22","786"
"A1TARNH07A75CG","sp_v2_real2","3PEIJLRY6TU82FG9IT19ZLMBQWBXWJ","Male","84","47177","352660",,"2017-05-30 15:36:33","787"
"AVJUIF9QHQRY8","sp_v2_real2","3U5NZHP4LR3LWGJT135S45QL99PPHN","Female","84","59524","271611",,"2017-05-30 15:36:53","788"
"A2OFN0A5CPLH57","sp_v2_real2","3QRYMNZ7FYIBY4YBLI9PEZOEKOMNT2","Female","100","83215","311125","My strategy was to try to not lose any points.  I thought the chances were good that I would be punished if I chose option A.","2017-05-30 15:38:36","789"
"AT3C00TKZK13L","sp_v2_real2","36TFCYNS44BQ5PLKNUF9YICOB8YXHJ","Male","96","44695","240864","Interesting. Good layout. Thanks!","2017-05-30 15:38:50","790"
"A1036BH0RBAF1O","sp_v2_real2","3M1CVSFP606RM5CUVAAPNOTR1AMAQP","Male","97","66097","273131","If they started costing me it was worth it to punish. ","2017-05-30 15:39:17","791"
"A1SWTHM03SN731","sp_v2_real2","336KAV9KYQTBQ48C95Y4USDVOVAY28","Male","57","299140","540910","To be fair.","2017-05-30 15:39:39","792"
"A24LP60QLUKQWX","sp_v2_real2","3ZPPDN2SLVXOKJCKUD1PXCTTCPKE96","Female","98","69858","278534","I wanted to maximize my earnings, but didn't want to punish the other participant, so I didn't take anything away from them unless they took it from me first.","2017-05-30 15:40:18","793"
"ACNID00UIEL1T","sp_v2_real2","32AT8R96GLANEU55TJGLIPKMQ1YUS9","Male","98","176842","2639364",,"2017-05-30 15:40:45","794"
"A34V2F0IRK8XBO","sp_v2_real2","33PPUNGG386SZEZ2KHFO97U56HUZRF","Female","93","63132","452604","This was so boring!!! Obviously it was much more lucrative to choose to do nothing. Then both players would walk away with more money. There was no risk, no stakes! Choosing to do nothing was the best option. ","2017-05-30 15:41:02","795"
"A3SKEW89V5S0DI","sp_v2_real2","3AMW0RGHOD3D6C5441059PNHVLZNPV","Male","93","78384","2391163","Do what was fair to both parties.","2017-05-30 15:41:04","796"
"A1S5W9N861BFLD","sp_v2_real2","3WQQ9FUS6AVQZBHQFUTLW8SXPMLB8A","Male","96","180345","458390",,"2017-05-30 15:41:26","797"
"A5EU1AQJNC7F2","sp_v2_real2","3D3VGR7TA0GRELS9ZAKF56PQRMX3RO","Female","89","160926","835392","none","2017-05-30 15:41:33","798"
"A2ZRF4I5RTKN7G","sp_v2_real2","3K3R2QNK8B459F96KDGU1UFWYDA9UE","Female","57","224447","452434","I wish I had been paired with someone who had chosen the 0 points the entire time, because we all would have wound up with more at the end.","2017-05-30 15:42:21","799"
"A1KH1O9AZ7S642","sp_v2_real2","3AMW0RGHOD3D6C5441059PNHVLYPNW","Male","98","93952","380016","Since we were both given points from the start, there was no need to be greedy and attack my opponent for more. I only attacked back once, during the second round, in retaliation because I knew my punishment would hurt him more and I had hoped that would cause him to not go after my points. It worked, he did not go after my points again and we changed to neutral after just one attack. ","2017-05-30 15:42:25","800"
"ANJJYKB47APL5","sp_v2_real2","32RIADZISS5OXWBQEDP35LMSROB4SX","Female","100","72416","277126","I would like to have all 100 points and not lose any so I am not deducting any points from my partner.","2017-05-30 15:42:28","801"
"A3J85WP15JFYW0","sp_v2_real2","3RXCAC0YIRQMQSP1VGLZXJJU5ZD8GO","Male","70","72706","269031","To be fair","2017-05-30 15:43:17","802"
"A2WH3GIS2KF8LU","sp_v2_real2","3AUQQEL7U5UNQ0ATP77645GM9GOV0C","Male","81","87705","455908","My strategy was to end up with the most amount possible, and ignoring any temptation towards retribution to do so.
","2017-05-30 15:43:17","803"
"AG7C4X3WKKBV","sp_v2_real2","3X3OR7WPZZ12CK3267IFABO21GZ8LU","Male","83","183265","511892","Great study.","2017-05-30 15:43:19","804"
"A13VIJ7G997ZCY","sp_v2_real2","39ASUFLU6X8ELFUIXT73DFFBJS6XE3","Female","68","49663","249577","I think they were fake.  Punish the stupid uncooperative one, work with the one who's fair.","2017-05-30 15:43:35","805"
"A24O8U6HKPJKVA","sp_v2_real2","3DYGAII7PL9Y99IWKTSMDJIM0WLPQJ","Female","58","52831","318219","My strategy was to keep the most points. ","2017-05-30 15:44:05","806"
"A2GAQZAZWV01PU","sp_v2_real2","3PWWM24LHSZWBYHUW10AVFPTVG828Z","Male","66","43746","299881","My strategy was to keep the points as close as possible between everyone. Equal point strategy. ","2017-05-30 15:44:16","807"
"A2ZUCKYJE4DPV7","sp_v2_real2","337RC3OW0530NWZFE0TP2P8ACEZVLL","Male","89","57753","276622","just focused on my point gain","2017-05-30 15:44:39","808"
"A22JBMOHQKHTSS","sp_v2_real2","3OWEPKL089DO06148F6O93WWVRT7N8","Male","100","77378","293050","Give my partner the benefit of the doubt unless they got greedy.","2017-05-30 15:44:54","809"
"A1P6OXEJ86HQRM","sp_v2_real2","3B1NLC6UGZX7WKOIHXNAJ5EKU9CPGO","Male","100","81096","475463","preserve my points by choosing the option that led the other to not deduct my points","2017-05-30 15:46:52","810"
"AU6ZURVHX4KPT","sp_v2_real2","3TE3O8573092T3WQVA6AMWKYL8W2RB","Female","89","79065","320961","I was hoping my first partner would understand that he would get to increase earnings and not punish me for increasing mine, but he did not. So I went for no gain.","2017-05-30 15:47:51","811"
"A2RN74UCHE5CYI","sp_v2_real2","3RXCAC0YIRQMQSP1VGLZXJJU5ZJ8GU","Male","71","122257","404877","Minimized points taken away from me, but punishing those who took points from me.","2017-05-30 15:48:05","812"
"A1U6A617Q95MTZ","sp_v2_real2","32VNZTT0A75CWHBDZOPYFBHW5MS4R9","Female","55","208494","460069","to punish the person who kept selecting to award themselves 1 point and reduce my point by 1","2017-05-30 15:48:58","813"
"ANMXMEB55AGM6","sp_v2_real2","3WT783CTPBISBE73W69QYUOGFD6BCG","Male","100","56317","374420","My strategy was to minimize losses by not provoking the other player to choose the other option.","2017-05-30 15:49:37","814"
"A1DZ1P1YBJ29PU
","sp_v2_real2","3X73LLYYQ1FLTV7GLOS00GLQ9UONHP","Female","100","63553","332415","My strategy was to try to stay at 100 and hope that the other Turker was using the same strategy.","2017-05-30 15:51:07","815"
"A2FI2VTA8JVYS6","sp_v2_real2","3QAVNHZ3EM5GV8WH352T62UXR40AL1","Male","83","32617","818582","I followed my intuition","2017-05-30 15:51:13","816"
"AKSJ3C5O3V9RB","sp_v2_real2","3YMTUJH0DSHPCWO53DUTFQIET7P4TM","Female","92","60363","284985","My strategy was to minimize my loss.","2017-05-30 15:51:56","817"
"A1Y0Y6U906ABT5","sp_v2_real2","3JJVG1YBEBY7CTYOHWMIKOI6NWKB58","Female","97","105126","383896","I tried to avoid retaliation with less point.  I would give it though. ","2017-05-30 15:53:21","818"
"A1FGN2JF4LCF9B","sp_v2_real2","3Q8GYXHFEP3QMYQUVWIDV8OO5HK5C9","Male","99","61895","259904","No comments.","2017-05-30 15:54:00","819"
"AT6LDQNLKTUSE","sp_v2_real2","3TK8OJTYM1MQEHED6SMWJ6HUHO0VPJ","Male","62","66968","301170","This was an interesting study. Since I was player Y, I matched player X in penalizing him in round 1 since that's what he chose every time. In the second round, I decided to continue penalizing him and gain as many points as I could.","2017-05-30 15:54:49","820"
"A1NNWLC01EBMZH","sp_v2_real2","3S3AMIZX3U6LQB5NA20WTKCGIYKDCR","Male","93","101449","420684","I was trying to have us get the best bonus as possible","2017-05-30 15:55:17","821"
"A3TDA1NWHNQFE3","sp_v2_real2","3VELCLL3GKKY1S9LLB620OWAQE7F1C","Female","98","211316","528156","I didn't want to take money from others, but I also wanted them to know when they did something wrong.","2017-05-30 15:58:04","822"
"A3SX229VS1X6B6","sp_v2_real2","3NS0A6KXC491AOQO46LCA3GY48JZGJ","Male","98","85536","316002","My strategy was to maintain my bonus and do no harm to my opponent, unless they hurt me first.","2017-05-30 16:00:19","823"
"AW7MH05QCM5B0
","sp_v2_real2","3F1567XTNW6DHM2P34WPRTI7VS4Q9Q","Male","57","76048","328040","I essentially based my results as a reaction to the decision of the other party.","2017-05-30 16:00:46","824"
"A3K6KNZBRICLJC","sp_v2_real2","3RKNTXVS3MZKX0PWXD3CKLSM5I4A47","Male","62","43836","231900",,"2017-05-30 16:01:27","825"
"A29X5S2VA01LJH","sp_v2_real2","3Q5C1WP23M26ZVGWFZTTEC5X1KT51J","Female","95","65521","330330","NO","2017-05-30 16:03:02","826"
"A1RXG8RE0SJ4LC","sp_v2_real2","36AHBNMV1RDYTE6S6UILQB4ZLMZYDH","Male","100","184215","416721","I didn't want to take money from others.","2017-05-30 16:05:29","827"
"A3T7N805PVNEXN","sp_v2_real2","3LEIZ60CDJ0MVE3GQ0F2IMUB0VVZ9Z","Male","66","106548","372813","I did not really have a strategy, I just tried to maximize the amount of points I recieved.","2017-05-30 16:05:34","828"
"A1IP7MXZ9M7KOF
","sp_v2_real2","3QEMNNSB2X0FEUARJLSLDYK2HNR7DQ","Male","70","139078","459798","I chose the strategy that would over the long term be more profitable.","2017-05-30 16:05:56","829"
"A2Z2OV7QGU10QN","sp_v2_real2","3VAR3R6G1P2AI56ZJZY72SSWWLC8OJ","Male","93","107377","515137","Very interesting. I made my decision based on what the other person did to lose the least amount of points.","2017-05-30 16:07:41","830"
"AG7Y8I6GGHYWN","sp_v2_real2","3OLF68YTN92UVGMLHUZVBPPDU8LAF3","Male","73","117119","394139","I tried to get the max for both of us. ","2017-05-30 16:11:41","831"
"A1RTLF0OVZI4QT","sp_v2_real2","3J88R45B2GZII6J867NE7REFXZ8PXG","Male","95","32658","282785","I simply wanted to keep my money and their money. It was more worthwhile to not try and screw each other.","2017-05-30 16:12:47","832"
"AQ23X98JVOGIR","sp_v2_real2","3VBEN272MK049C4A9ER4EAJVHTJSG7","Male","100","79509","324197","To not take any points and not lose any points.","2017-05-30 16:14:03","833"
"A3SGZ8OQXW5TQD","sp_v2_real2","39LNWE0K4UXYKG29O7M7ENEZH34IUD","Female","88","124889","420912","I mostly wanted to gain as many points as possible","2017-05-30 16:19:45","834"
"A23BMD8M0RLV77","sp_v2_real2","35USIKEBNRH5W6NZP51W3PW00GH6NG","Female","99","84801","591866","I really just wanted the best outcome for myself. I tested once when I was in role x and found that my partner would punish me, so I stopped giving myself points at his expense, and when I was in role y I had no reason to punish my partner.","2017-05-30 16:21:53","835"
"A30IAM470FS5LV
A30IAM470FS5LV
A30IAM470FS5LV","sp_v2_real2","3J4Q2Z4UTY4OTIFXWF6H5DQITTXWQU","Female","78","110242","370426","I wanted to get as many points as possible. I didn't care what the others did I just chose what worked best for me.","2017-05-30 16:28:39","836"
"A1FSPD1LIOXCN1","sp_v2_real2","3OS4RQUCR9GZEQRDN8ZR609JCQ6FB3","Female","92","296242","519225",,"2017-05-30 16:31:33","837"
"A26K8OELA8ZDI9","sp_v2_real2","3VP0C6EFSGXZEO2ZD4MWQA70VQ7M6W","Male","98","78044","391096","Just wanted to be fair to each person, but if someone was unfair to me I did the same to them","2017-05-30 16:37:33","838"
"A2X6PT51MOTKD1","sp_v2_real2","3WETL7AQWT929YUB237C25KUZ4F53J","Male","82","200422","933615","nothing thank you.","2017-05-30 16:37:54","839"
"A2RBF3IIJP15IH","sp_v2_real2","3H7XDTSHKCSXGTLJTJ15BZMGN6NWGY","Male","70","562414","797244","I deducted from the greedy people. When it was my turn, I decided not to take from my partner.","2017-05-30 16:49:47","840"
"A2VX8B1CJXRN2","sp_v2_real2","3VZLGYJEYLBCWALETGLGYPGT7YFZXB","Female","75","109485","507889","With the first person I tried to get back at them but after awhile I realized it was useless. They were not fair. The second person I tried to see if I could be tough but later felt bad and decided not to take any points from the other player. ","2017-05-30 17:00:01","841"
"A15FH8FC9W62F6","sp_v2_real2","3EICBYG644XYTX5FKYM7WI7TNIOCJB","Male","85","136769","460750","My strategy was to keep as much money as I possibly could. This meant picking 0 points every time. I did not worrying about punishing when I was player Y and I did not worry about trying to get a a few extra cents as player X at the risk of getting 3 cents deducted by the other player.","2017-05-30 17:09:53","842"
"AFKHZQ5SW7CSL","sp_v2_real2","3CN4LGXD5XPLTINZDJHSN7AT89GY4E","Female","78","34700","252131","I just tried to do the best for myself.","2017-05-30 17:31:56","843"
