"subject","version","assignmentId","role","orderCond","oppType","choice","globalRound","matchNum","matchRound","score","rt","oppChoice","oppScore","stamp","id"
"A15V8K8M4TXT9Y","sp_v3_pilot1","36PW28KO4ZX2P2MPMJFPT74DKKFEAQ","1","1","1","0","0","0","0","98","2921","1","2","2017-06-20 17:09:19","4"
"A15V8K8M4TXT9Y","sp_v3_pilot1","36PW28KO4ZX2P2MPMJFPT74DKKFEAQ","1","1","1","1","1","0","1","95","1066","1","1","2017-06-20 17:09:29","5"
"A15V8K8M4TXT9Y","sp_v3_pilot1","36PW28KO4ZX2P2MPMJFPT74DKKFEAQ","1","1","1","0","2","0","2","95","1353","0","1","2017-06-20 17:09:38","6"
"A15V8K8M4TXT9Y","sp_v3_pilot1","36PW28KO4ZX2P2MPMJFPT74DKKFEAQ","1","1","1","0","3","0","3","95","910","0","1","2017-06-20 17:09:45","7"
"A15V8K8M4TXT9Y","sp_v3_pilot1","36PW28KO4ZX2P2MPMJFPT74DKKFEAQ","1","1","1","0","4","0","4","95","2015","0","1","2017-06-20 17:09:55","8"
"A15V8K8M4TXT9Y","sp_v3_pilot1","36PW28KO4ZX2P2MPMJFPT74DKKFEAQ","1","1","1","0","5","0","5","95","414","0","1","2017-06-20 17:10:02","9"
"A15V8K8M4TXT9Y","sp_v3_pilot1","36PW28KO4ZX2P2MPMJFPT74DKKFEAQ","1","1","1","0","6","0","6","95","660","0","1","2017-06-20 17:10:10","10"
"A15V8K8M4TXT9Y","sp_v3_pilot1","36PW28KO4ZX2P2MPMJFPT74DKKFEAQ","1","1","1","0","7","0","7","95","1452","0","1","2017-06-20 17:10:18","11"
"A15V8K8M4TXT9Y","sp_v3_pilot1","36PW28KO4ZX2P2MPMJFPT74DKKFEAQ","1","1","1","0","8","0","8","95","520","0","1","2017-06-20 17:10:25","12"
"A15V8K8M4TXT9Y","sp_v3_pilot1","36PW28KO4ZX2P2MPMJFPT74DKKFEAQ","1","1","1","0","9","0","9","95","315","0","1","2017-06-20 17:10:33","13"
"A15V8K8M4TXT9Y","sp_v3_pilot1","36PW28KO4ZX2P2MPMJFPT74DKKFEAQ","0","1","0","1","10","1","0","97","1206","0","-1","2017-06-20 17:10:58","14"
"A15V8K8M4TXT9Y","sp_v3_pilot1","36PW28KO4ZX2P2MPMJFPT74DKKFEAQ","0","1","0","1","11","1","1","99","1520","0","-3","2017-06-20 17:11:06","15"
"A15V8K8M4TXT9Y","sp_v3_pilot1","36PW28KO4ZX2P2MPMJFPT74DKKFEAQ","0","1","0","1","12","1","2","101","687","0","-5","2017-06-20 17:11:14","16"
"A15V8K8M4TXT9Y","sp_v3_pilot1","36PW28KO4ZX2P2MPMJFPT74DKKFEAQ","0","1","0","1","13","1","3","103","577","0","-7","2017-06-20 17:11:20","17"
"A15V8K8M4TXT9Y","sp_v3_pilot1","36PW28KO4ZX2P2MPMJFPT74DKKFEAQ","0","1","0","1","14","1","4","105","1296","0","-9","2017-06-20 17:11:28","18"
"A15V8K8M4TXT9Y","sp_v3_pilot1","36PW28KO4ZX2P2MPMJFPT74DKKFEAQ","0","1","0","1","15","1","5","107","545","0","-11","2017-06-20 17:11:36","19"
"A15V8K8M4TXT9Y","sp_v3_pilot1","36PW28KO4ZX2P2MPMJFPT74DKKFEAQ","0","1","0","1","16","1","6","109","1971","0","-13","2017-06-20 17:11:45","20"
"A15V8K8M4TXT9Y","sp_v3_pilot1","36PW28KO4ZX2P2MPMJFPT74DKKFEAQ","0","1","0","1","17","1","7","111","659","0","-15","2017-06-20 17:11:52","21"
"A15V8K8M4TXT9Y","sp_v3_pilot1","36PW28KO4ZX2P2MPMJFPT74DKKFEAQ","0","1","0","1","18","1","8","113","333","0","-17","2017-06-20 17:12:00","22"
"A15V8K8M4TXT9Y","sp_v3_pilot1","36PW28KO4ZX2P2MPMJFPT74DKKFEAQ","0","1","0","1","19","1","9","115","394","0","-19","2017-06-20 17:12:06","23"
"A15V8K8M4TXT9Y","sp_v3_pilot1","36PW28KO4ZX2P2MPMJFPT74DKKFEAQ","0","1","0","1","20","1","10","117","420","0","-21","2017-06-20 17:12:14","24"
"A15V8K8M4TXT9Y","sp_v3_pilot1","36PW28KO4ZX2P2MPMJFPT74DKKFEAQ","0","1","0","1","21","1","11","119","436","0","-23","2017-06-20 17:12:21","25"
"A15V8K8M4TXT9Y","sp_v3_pilot1","36PW28KO4ZX2P2MPMJFPT74DKKFEAQ","0","1","0","1","22","1","12","121","954","0","-25","2017-06-20 17:12:29","26"
"A15V8K8M4TXT9Y","sp_v3_pilot1","36PW28KO4ZX2P2MPMJFPT74DKKFEAQ","0","1","0","1","23","1","13","123","406","0","-27","2017-06-20 17:12:36","27"
"A15V8K8M4TXT9Y","sp_v3_pilot1","36PW28KO4ZX2P2MPMJFPT74DKKFEAQ","1","1","2","1","24","2","0","120","1111","1","-28","2017-06-20 17:12:52","28"
"A15V8K8M4TXT9Y","sp_v3_pilot1","36PW28KO4ZX2P2MPMJFPT74DKKFEAQ","1","1","2","1","25","2","1","117","537","1","-29","2017-06-20 17:12:59","29"
"A15V8K8M4TXT9Y","sp_v3_pilot1","36PW28KO4ZX2P2MPMJFPT74DKKFEAQ","1","1","2","1","26","2","2","114","530","1","-30","2017-06-20 17:13:06","30"
"A15V8K8M4TXT9Y","sp_v3_pilot1","36PW28KO4ZX2P2MPMJFPT74DKKFEAQ","1","1","2","1","27","2","3","111","596","1","-31","2017-06-20 17:13:13","31"
"A15V8K8M4TXT9Y","sp_v3_pilot1","36PW28KO4ZX2P2MPMJFPT74DKKFEAQ","1","1","2","1","28","2","4","108","452","1","-32","2017-06-20 17:13:20","32"
"A15V8K8M4TXT9Y","sp_v3_pilot1","36PW28KO4ZX2P2MPMJFPT74DKKFEAQ","1","1","2","1","29","2","5","105","580","1","-33","2017-06-20 17:13:26","33"
"A15V8K8M4TXT9Y","sp_v3_pilot1","36PW28KO4ZX2P2MPMJFPT74DKKFEAQ","1","1","2","1","30","2","6","102","1622","1","-34","2017-06-20 17:13:35","34"
"A15V8K8M4TXT9Y","sp_v3_pilot1","36PW28KO4ZX2P2MPMJFPT74DKKFEAQ","1","1","2","0","31","2","7","100","1270","1","-32","2017-06-20 17:13:43","35"
"A15V8K8M4TXT9Y","sp_v3_pilot1","36PW28KO4ZX2P2MPMJFPT74DKKFEAQ","1","1","2","0","32","2","8","98","381","1","-30","2017-06-20 17:13:49","36"
"A15V8K8M4TXT9Y","sp_v3_pilot1","36PW28KO4ZX2P2MPMJFPT74DKKFEAQ","1","1","2","0","33","2","9","96","801","1","-28","2017-06-20 17:13:58","37"
"A15V8K8M4TXT9Y","sp_v3_pilot1","36PW28KO4ZX2P2MPMJFPT74DKKFEAQ","1","1","2","0","34","2","10","94","359","1","-26","2017-06-20 17:14:05","38"
"A15V8K8M4TXT9Y","sp_v3_pilot1","36PW28KO4ZX2P2MPMJFPT74DKKFEAQ","1","1","2","0","35","2","11","92","188","1","-24","2017-06-20 17:14:11","39"
"A15V8K8M4TXT9Y","sp_v3_pilot1","36PW28KO4ZX2P2MPMJFPT74DKKFEAQ","1","1","2","0","36","2","12","90","265","1","-22","2017-06-20 17:14:17","40"
"A15V8K8M4TXT9Y","sp_v3_pilot1","36PW28KO4ZX2P2MPMJFPT74DKKFEAQ","1","1","2","0","37","2","13","88","160","1","-20","2017-06-20 17:14:24","41"
"A15V8K8M4TXT9Y","sp_v3_pilot1","36PW28KO4ZX2P2MPMJFPT74DKKFEAQ","1","1","2","0","38","2","14","86","99","1","-18","2017-06-20 17:14:30","42"
"A15V8K8M4TXT9Y","sp_v3_pilot1","36PW28KO4ZX2P2MPMJFPT74DKKFEAQ","1","1","2","0","39","2","15","84","78","1","-16","2017-06-20 17:14:36","43"
"A15V8K8M4TXT9Y","sp_v3_pilot1","36PW28KO4ZX2P2MPMJFPT74DKKFEAQ","1","1","2","0","40","2","16","82","317","1","-14","2017-06-20 17:14:43","44"
"A15V8K8M4TXT9Y","sp_v3_pilot1","36PW28KO4ZX2P2MPMJFPT74DKKFEAQ","1","1","2","0","41","2","17","80","357","1","-12","2017-06-20 17:14:50","45"
"A15V8K8M4TXT9Y","sp_v3_pilot1","36PW28KO4ZX2P2MPMJFPT74DKKFEAQ","1","1","2","0","42","2","18","78","252","1","-10","2017-06-20 17:14:56","46"
"A15V8K8M4TXT9Y","sp_v3_pilot1","36PW28KO4ZX2P2MPMJFPT74DKKFEAQ","1","1","2","0","43","2","19","76","253","1","-8","2017-06-20 17:15:02","47"
"A3AO2N7BNFDGF3","sp_v3_pilot1","3DEL4X4EL6MCRKB9XUJXKI7R3HSYXS","0","1","0","1","0","0","0","102","3273","0","-2","2017-06-20 17:15:22","48"
"A3AO2N7BNFDGF3","sp_v3_pilot1","3DEL4X4EL6MCRKB9XUJXKI7R3HSYXS","0","1","0","0","1","0","1","102","996","0","-2","2017-06-20 17:15:31","49"
"A3AO2N7BNFDGF3","sp_v3_pilot1","3DEL4X4EL6MCRKB9XUJXKI7R3HSYXS","0","1","0","0","2","0","2","102","1171","0","-2","2017-06-20 17:15:40","50"
"A3AO2N7BNFDGF3","sp_v3_pilot1","3DEL4X4EL6MCRKB9XUJXKI7R3HSYXS","0","1","0","0","3","0","3","102","1157","0","-2","2017-06-20 17:15:47","51"
"A3AO2N7BNFDGF3","sp_v3_pilot1","3DEL4X4EL6MCRKB9XUJXKI7R3HSYXS","0","1","0","0","4","0","4","102","1443","0","-2","2017-06-20 17:15:56","52"
"A3AO2N7BNFDGF3","sp_v3_pilot1","3DEL4X4EL6MCRKB9XUJXKI7R3HSYXS","0","1","0","0","5","0","5","102","1215","0","-2","2017-06-20 17:16:04","53"
"A3AO2N7BNFDGF3","sp_v3_pilot1","3DEL4X4EL6MCRKB9XUJXKI7R3HSYXS","0","1","0","0","6","0","6","102","679","0","-2","2017-06-20 17:16:15","54"
"A3AO2N7BNFDGF3","sp_v3_pilot1","3DEL4X4EL6MCRKB9XUJXKI7R3HSYXS","0","1","0","0","7","0","7","102","7000","0","-2","2017-06-20 17:16:32","55"
"A3AO2N7BNFDGF3","sp_v3_pilot1","3DEL4X4EL6MCRKB9XUJXKI7R3HSYXS","0","1","0","0","8","0","8","102","2688","0","-2","2017-06-20 17:16:45","56"
"A3AO2N7BNFDGF3","sp_v3_pilot1","3DEL4X4EL6MCRKB9XUJXKI7R3HSYXS","0","1","0","0","9","0","9","102","2125","0","-2","2017-06-20 17:16:59","57"
"A3AO2N7BNFDGF3","sp_v3_pilot1","3DEL4X4EL6MCRKB9XUJXKI7R3HSYXS","0","1","0","0","10","0","10","102","1182","0","-2","2017-06-20 17:17:08","58"
"A3AO2N7BNFDGF3","sp_v3_pilot1","3DEL4X4EL6MCRKB9XUJXKI7R3HSYXS","0","1","0","0","11","0","11","102","698","0","-2","2017-06-20 17:17:16","59"
"A3AO2N7BNFDGF3","sp_v3_pilot1","3DEL4X4EL6MCRKB9XUJXKI7R3HSYXS","0","1","0","0","12","0","12","102","713","0","-2","2017-06-20 17:17:23","60"
"A3AO2N7BNFDGF3","sp_v3_pilot1","3DEL4X4EL6MCRKB9XUJXKI7R3HSYXS","0","1","0","0","13","0","13","102","1941","0","-2","2017-06-20 17:17:32","61"
"A3AO2N7BNFDGF3","sp_v3_pilot1","3DEL4X4EL6MCRKB9XUJXKI7R3HSYXS","1","1","1","1","14","1","0","99","4399","1","-3","2017-06-20 17:17:49","62"
"A3AO2N7BNFDGF3","sp_v3_pilot1","3DEL4X4EL6MCRKB9XUJXKI7R3HSYXS","1","1","1","0","15","1","1","99","2365","0","-3","2017-06-20 17:18:01","63"
"A3AO2N7BNFDGF3","sp_v3_pilot1","3DEL4X4EL6MCRKB9XUJXKI7R3HSYXS","1","1","1","0","16","1","2","99","687","0","-3","2017-06-20 17:18:09","64"
"A3AO2N7BNFDGF3","sp_v3_pilot1","3DEL4X4EL6MCRKB9XUJXKI7R3HSYXS","1","1","1","0","17","1","3","99","3996","0","-3","2017-06-20 17:18:20","65"
"A3AO2N7BNFDGF3","sp_v3_pilot1","3DEL4X4EL6MCRKB9XUJXKI7R3HSYXS","1","1","1","0","18","1","4","99","1228","0","-3","2017-06-20 17:18:29","66"
"A3AO2N7BNFDGF3","sp_v3_pilot1","3DEL4X4EL6MCRKB9XUJXKI7R3HSYXS","1","1","1","0","19","1","5","99","3700","0","-3","2017-06-20 17:18:42","67"
"A3AO2N7BNFDGF3","sp_v3_pilot1","3DEL4X4EL6MCRKB9XUJXKI7R3HSYXS","1","1","1","0","20","1","6","99","378","0","-3","2017-06-20 17:18:50","68"
"A3AO2N7BNFDGF3","sp_v3_pilot1","3DEL4X4EL6MCRKB9XUJXKI7R3HSYXS","1","1","1","0","21","1","7","99","2382","0","-3","2017-06-20 17:18:59","69"
"A3AO2N7BNFDGF3","sp_v3_pilot1","3DEL4X4EL6MCRKB9XUJXKI7R3HSYXS","1","1","1","0","22","1","8","99","3357","0","-3","2017-06-20 17:19:11","70"
"A3AO2N7BNFDGF3","sp_v3_pilot1","3DEL4X4EL6MCRKB9XUJXKI7R3HSYXS","1","1","1","0","23","1","9","99","3916","0","-3","2017-06-20 17:19:24","71"
"A3AO2N7BNFDGF3","sp_v3_pilot1","3DEL4X4EL6MCRKB9XUJXKI7R3HSYXS","1","1","1","0","24","1","10","99","3368","0","-3","2017-06-20 17:19:38","72"
"A3AO2N7BNFDGF3","sp_v3_pilot1","3DEL4X4EL6MCRKB9XUJXKI7R3HSYXS","1","1","2","1","25","2","0","96","1200","1","-4","2017-06-20 17:20:04","73"
"A3AO2N7BNFDGF3","sp_v3_pilot1","3DEL4X4EL6MCRKB9XUJXKI7R3HSYXS","1","1","2","1","26","2","1","93","976","1","-5","2017-06-20 17:20:12","74"
"A3AO2N7BNFDGF3","sp_v3_pilot1","3DEL4X4EL6MCRKB9XUJXKI7R3HSYXS","1","1","2","1","27","2","2","90","738","1","-6","2017-06-20 17:20:19","75"
"A3AO2N7BNFDGF3","sp_v3_pilot1","3DEL4X4EL6MCRKB9XUJXKI7R3HSYXS","1","1","2","1","28","2","3","87","54","1","-7","2017-06-20 17:20:27","76"
"A3PC7DYXJW4I2Z","sp_v3_pilot1","3PDJHANYK5HDMA1OM76JY5Z4GHH6H8","0","1","1","1","0","0","0","99","2154","1","-3","2017-06-20 17:20:28","77"
"A3AO2N7BNFDGF3","sp_v3_pilot1","3DEL4X4EL6MCRKB9XUJXKI7R3HSYXS","1","1","2","0","29","2","4","85","1043","1","-5","2017-06-20 17:20:35","78"
"A3PC7DYXJW4I2Z","sp_v3_pilot1","3PDJHANYK5HDMA1OM76JY5Z4GHH6H8","0","1","1","1","1","0","1","101","1650","0","-5","2017-06-20 17:20:37","79"
"A3AO2N7BNFDGF3","sp_v3_pilot1","3DEL4X4EL6MCRKB9XUJXKI7R3HSYXS","1","1","2","0","30","2","5","83","487","1","-3","2017-06-20 17:20:41","80"
"A3PC7DYXJW4I2Z","sp_v3_pilot1","3PDJHANYK5HDMA1OM76JY5Z4GHH6H8","0","1","1","1","2","0","2","103","891","0","-7","2017-06-20 17:20:45","81"
"A3AO2N7BNFDGF3","sp_v3_pilot1","3DEL4X4EL6MCRKB9XUJXKI7R3HSYXS","1","1","2","1","31","2","6","80","1834","1","-4","2017-06-20 17:20:51","82"
"A3PC7DYXJW4I2Z","sp_v3_pilot1","3PDJHANYK5HDMA1OM76JY5Z4GHH6H8","0","1","1","1","3","0","3","105","635","0","-9","2017-06-20 17:20:52","83"
"A3PC7DYXJW4I2Z","sp_v3_pilot1","3PDJHANYK5HDMA1OM76JY5Z4GHH6H8","0","1","1","1","4","0","4","107","538","0","-11","2017-06-20 17:20:59","84"
"A3AO2N7BNFDGF3","sp_v3_pilot1","3DEL4X4EL6MCRKB9XUJXKI7R3HSYXS","1","1","2","1","32","2","7","77","341","1","-5","2017-06-20 17:21:00","85"
"A3PC7DYXJW4I2Z","sp_v3_pilot1","3PDJHANYK5HDMA1OM76JY5Z4GHH6H8","0","1","1","1","5","0","5","109","354","0","-13","2017-06-20 17:21:06","86"
"A3AO2N7BNFDGF3","sp_v3_pilot1","3DEL4X4EL6MCRKB9XUJXKI7R3HSYXS","1","1","2","1","33","2","8","74","222","1","-6","2017-06-20 17:21:09","87"
"A3PC7DYXJW4I2Z","sp_v3_pilot1","3PDJHANYK5HDMA1OM76JY5Z4GHH6H8","0","1","1","1","6","0","6","111","602","0","-15","2017-06-20 17:21:13","88"
"A3AO2N7BNFDGF3","sp_v3_pilot1","3DEL4X4EL6MCRKB9XUJXKI7R3HSYXS","1","1","2","1","34","2","9","71","577","1","-7","2017-06-20 17:21:17","89"
"A3PC7DYXJW4I2Z","sp_v3_pilot1","3PDJHANYK5HDMA1OM76JY5Z4GHH6H8","0","1","1","1","7","0","7","113","681","0","-17","2017-06-20 17:21:20","90"
"A3PC7DYXJW4I2Z","sp_v3_pilot1","3PDJHANYK5HDMA1OM76JY5Z4GHH6H8","0","1","1","1","8","0","8","115","603","0","-19","2017-06-20 17:21:27","91"
"A3AO2N7BNFDGF3","sp_v3_pilot1","3DEL4X4EL6MCRKB9XUJXKI7R3HSYXS","1","1","2","1","35","2","10","68","423","1","-8","2017-06-20 17:21:29","92"
"A3PC7DYXJW4I2Z","sp_v3_pilot1","3PDJHANYK5HDMA1OM76JY5Z4GHH6H8","0","1","1","1","9","0","9","117","1355","0","-21","2017-06-20 17:21:35","93"
"A3AO2N7BNFDGF3","sp_v3_pilot1","3DEL4X4EL6MCRKB9XUJXKI7R3HSYXS","1","1","2","1","36","2","11","65","12","1","-9","2017-06-20 17:21:37","94"
"A3AO2N7BNFDGF3","sp_v3_pilot1","3DEL4X4EL6MCRKB9XUJXKI7R3HSYXS","1","1","2","1","37","2","12","62","435","1","-10","2017-06-20 17:21:44","95"
"A3PC7DYXJW4I2Z","sp_v3_pilot1","3PDJHANYK5HDMA1OM76JY5Z4GHH6H8","0","1","1","1","10","0","10","119","1639","0","-23","2017-06-20 17:21:47","96"
"A3AO2N7BNFDGF3","sp_v3_pilot1","3DEL4X4EL6MCRKB9XUJXKI7R3HSYXS","1","1","2","1","38","2","13","59","364","1","-11","2017-06-20 17:21:52","97"
"A3PC7DYXJW4I2Z","sp_v3_pilot1","3PDJHANYK5HDMA1OM76JY5Z4GHH6H8","0","1","1","1","11","0","11","121","1083","0","-25","2017-06-20 17:21:55","98"
"A3PC7DYXJW4I2Z","sp_v3_pilot1","3PDJHANYK5HDMA1OM76JY5Z4GHH6H8","0","1","1","1","12","0","12","123","317","0","-27","2017-06-20 17:22:02","99"
"A3AO2N7BNFDGF3","sp_v3_pilot1","3DEL4X4EL6MCRKB9XUJXKI7R3HSYXS","1","1","2","1","39","2","14","56","3315","1","-12","2017-06-20 17:22:04","100"
"A3PC7DYXJW4I2Z","sp_v3_pilot1","3PDJHANYK5HDMA1OM76JY5Z4GHH6H8","1","1","0","0","13","1","0","123","1154","0","-27","2017-06-20 17:22:18","101"
"A3AO2N7BNFDGF3","sp_v3_pilot1","3DEL4X4EL6MCRKB9XUJXKI7R3HSYXS","1","1","2","1","40","2","15","53","9984","1","-13","2017-06-20 17:22:23","102"
"A3PC7DYXJW4I2Z","sp_v3_pilot1","3PDJHANYK5HDMA1OM76JY5Z4GHH6H8","1","1","0","0","14","1","1","123","436","0","-27","2017-06-20 17:22:26","103"
"A3PC7DYXJW4I2Z","sp_v3_pilot1","3PDJHANYK5HDMA1OM76JY5Z4GHH6H8","1","1","0","0","15","1","2","123","300","0","-27","2017-06-20 17:22:32","104"
"A3AO2N7BNFDGF3","sp_v3_pilot1","3DEL4X4EL6MCRKB9XUJXKI7R3HSYXS","1","1","2","1","41","2","16","50","831","1","-14","2017-06-20 17:22:33","105"
"A3PC7DYXJW4I2Z","sp_v3_pilot1","3PDJHANYK5HDMA1OM76JY5Z4GHH6H8","1","1","0","0","16","1","3","123","452","0","-27","2017-06-20 17:22:39","106"
"A3AO2N7BNFDGF3","sp_v3_pilot1","3DEL4X4EL6MCRKB9XUJXKI7R3HSYXS","1","1","2","1","42","2","17","47","548","1","-15","2017-06-20 17:22:42","107"
"A3PC7DYXJW4I2Z","sp_v3_pilot1","3PDJHANYK5HDMA1OM76JY5Z4GHH6H8","1","1","0","0","17","1","4","123","620","0","-27","2017-06-20 17:22:46","108"
"A3AO2N7BNFDGF3","sp_v3_pilot1","3DEL4X4EL6MCRKB9XUJXKI7R3HSYXS","1","1","2","1","43","2","18","44","611","1","-16","2017-06-20 17:22:49","109"
"A3PC7DYXJW4I2Z","sp_v3_pilot1","3PDJHANYK5HDMA1OM76JY5Z4GHH6H8","1","1","0","0","18","1","5","123","2534","0","-27","2017-06-20 17:22:55","110"
"A3AO2N7BNFDGF3","sp_v3_pilot1","3DEL4X4EL6MCRKB9XUJXKI7R3HSYXS","1","1","2","1","44","2","19","41","352","1","-17","2017-06-20 17:22:55","111"
"A3PC7DYXJW4I2Z","sp_v3_pilot1","3PDJHANYK5HDMA1OM76JY5Z4GHH6H8","1","1","0","0","19","1","6","123","477","0","-27","2017-06-20 17:23:02","112"
"A3PC7DYXJW4I2Z","sp_v3_pilot1","3PDJHANYK5HDMA1OM76JY5Z4GHH6H8","1","1","0","0","20","1","7","123","388","0","-27","2017-06-20 17:23:08","113"
"A3PC7DYXJW4I2Z","sp_v3_pilot1","3PDJHANYK5HDMA1OM76JY5Z4GHH6H8","1","1","0","0","21","1","8","123","524","0","-27","2017-06-20 17:23:15","114"
"A3PC7DYXJW4I2Z","sp_v3_pilot1","3PDJHANYK5HDMA1OM76JY5Z4GHH6H8","1","1","0","0","22","1","9","123","437","0","-27","2017-06-20 17:23:22","115"
"A3PC7DYXJW4I2Z","sp_v3_pilot1","3PDJHANYK5HDMA1OM76JY5Z4GHH6H8","1","1","0","0","23","1","10","123","1148","0","-27","2017-06-20 17:23:29","116"
"A3PC7DYXJW4I2Z","sp_v3_pilot1","3PDJHANYK5HDMA1OM76JY5Z4GHH6H8","1","1","0","0","24","1","11","123","390","0","-27","2017-06-20 17:23:37","117"
"A3PC7DYXJW4I2Z","sp_v3_pilot1","3PDJHANYK5HDMA1OM76JY5Z4GHH6H8","1","1","0","0","25","1","12","123","477","0","-27","2017-06-20 17:23:44","118"
"A3PC7DYXJW4I2Z","sp_v3_pilot1","3PDJHANYK5HDMA1OM76JY5Z4GHH6H8","1","1","0","0","26","1","13","123","561","0","-27","2017-06-20 17:23:52","119"
"A3PC7DYXJW4I2Z","sp_v3_pilot1","3PDJHANYK5HDMA1OM76JY5Z4GHH6H8","1","1","0","0","27","1","14","123","365","0","-27","2017-06-20 17:24:01","120"
"A3PC7DYXJW4I2Z","sp_v3_pilot1","3PDJHANYK5HDMA1OM76JY5Z4GHH6H8","1","1","0","0","28","1","15","123","423","0","-27","2017-06-20 17:24:08","121"
"A3PC7DYXJW4I2Z","sp_v3_pilot1","3PDJHANYK5HDMA1OM76JY5Z4GHH6H8","1","1","0","0","29","1","16","123","330","0","-27","2017-06-20 17:24:14","122"
"A3PC7DYXJW4I2Z","sp_v3_pilot1","3PDJHANYK5HDMA1OM76JY5Z4GHH6H8","1","1","0","0","30","1","17","123","486","0","-27","2017-06-20 17:24:22","123"
"A3PC7DYXJW4I2Z","sp_v3_pilot1","3PDJHANYK5HDMA1OM76JY5Z4GHH6H8","0","1","2","1","31","2","0","122","1385","1","-30","2017-06-20 17:24:40","124"
"A3PC7DYXJW4I2Z","sp_v3_pilot1","3PDJHANYK5HDMA1OM76JY5Z4GHH6H8","0","1","2","1","32","2","1","121","339","1","-33","2017-06-20 17:24:46","125"
"A3PC7DYXJW4I2Z","sp_v3_pilot1","3PDJHANYK5HDMA1OM76JY5Z4GHH6H8","0","1","2","1","33","2","2","120","347","1","-36","2017-06-20 17:24:53","126"
"A3PC7DYXJW4I2Z","sp_v3_pilot1","3PDJHANYK5HDMA1OM76JY5Z4GHH6H8","0","1","2","1","34","2","3","119","297","1","-39","2017-06-20 17:25:00","127"
"A3PC7DYXJW4I2Z","sp_v3_pilot1","3PDJHANYK5HDMA1OM76JY5Z4GHH6H8","0","1","2","0","35","2","4","119","1306","0","-39","2017-06-20 17:25:09","128"
"A3PC7DYXJW4I2Z","sp_v3_pilot1","3PDJHANYK5HDMA1OM76JY5Z4GHH6H8","0","1","2","1","36","2","5","118","539","1","-42","2017-06-20 17:25:18","129"
"A3PC7DYXJW4I2Z","sp_v3_pilot1","3PDJHANYK5HDMA1OM76JY5Z4GHH6H8","0","1","2","0","37","2","6","118","2547","0","-42","2017-06-20 17:25:26","130"
"A3PC7DYXJW4I2Z","sp_v3_pilot1","3PDJHANYK5HDMA1OM76JY5Z4GHH6H8","0","1","2","0","38","2","7","118","340","0","-42","2017-06-20 17:25:33","131"
"A3PC7DYXJW4I2Z","sp_v3_pilot1","3PDJHANYK5HDMA1OM76JY5Z4GHH6H8","0","1","2","0","39","2","8","118","434","0","-42","2017-06-20 17:25:40","132"
"A3PC7DYXJW4I2Z","sp_v3_pilot1","3PDJHANYK5HDMA1OM76JY5Z4GHH6H8","0","1","2","0","40","2","9","118","540","0","-42","2017-06-20 17:25:47","133"
"A3PC7DYXJW4I2Z","sp_v3_pilot1","3PDJHANYK5HDMA1OM76JY5Z4GHH6H8","0","1","2","0","41","2","10","118","955","0","-42","2017-06-20 17:25:54","134"
"A3PC7DYXJW4I2Z","sp_v3_pilot1","3PDJHANYK5HDMA1OM76JY5Z4GHH6H8","0","1","2","0","42","2","11","118","3612","0","-42","2017-06-20 17:26:04","135"
"A3PC7DYXJW4I2Z","sp_v3_pilot1","3PDJHANYK5HDMA1OM76JY5Z4GHH6H8","0","1","2","0","43","2","12","118","764","0","-42","2017-06-20 17:26:12","136"
"A3PC7DYXJW4I2Z","sp_v3_pilot1","3PDJHANYK5HDMA1OM76JY5Z4GHH6H8","0","1","2","1","44","2","13","117","363","1","-45","2017-06-20 17:26:18","137"
"A3PC7DYXJW4I2Z","sp_v3_pilot1","3PDJHANYK5HDMA1OM76JY5Z4GHH6H8","0","1","2","1","45","2","14","116","1260","1","-48","2017-06-20 17:26:27","138"
"A3PC7DYXJW4I2Z","sp_v3_pilot1","3PDJHANYK5HDMA1OM76JY5Z4GHH6H8","0","1","2","0","46","2","15","116","476","0","-48","2017-06-20 17:26:35","139"
"A3PC7DYXJW4I2Z","sp_v3_pilot1","3PDJHANYK5HDMA1OM76JY5Z4GHH6H8","0","1","2","0","47","2","16","116","1053","0","-48","2017-06-20 17:26:42","140"
"A3PC7DYXJW4I2Z","sp_v3_pilot1","3PDJHANYK5HDMA1OM76JY5Z4GHH6H8","0","1","2","0","48","2","17","116","452","0","-48","2017-06-20 17:26:49","141"
"A3PC7DYXJW4I2Z","sp_v3_pilot1","3PDJHANYK5HDMA1OM76JY5Z4GHH6H8","0","1","2","0","49","2","18","116","363","0","-48","2017-06-20 17:27:00","142"
"A3PC7DYXJW4I2Z","sp_v3_pilot1","3PDJHANYK5HDMA1OM76JY5Z4GHH6H8","0","1","2","0","50","2","19","116","435","0","-48","2017-06-20 17:27:07","143"
"A1WXPOLDS1Y9R4","sp_v3_pilot1","3TMFV4NEP8FINEF1ALPHJM5I10K8WW","0","1","0","1","0","0","0","102","3547","0","-2","2017-06-20 17:33:31","144"
"A1WXPOLDS1Y9R4","sp_v3_pilot1","3TMFV4NEP8FINEF1ALPHJM5I10K8WW","0","1","0","1","1","0","1","104","1584","0","-4","2017-06-20 17:33:41","145"
"A1WXPOLDS1Y9R4","sp_v3_pilot1","3TMFV4NEP8FINEF1ALPHJM5I10K8WW","0","1","0","1","2","0","2","106","837","0","-6","2017-06-20 17:33:48","146"
"A1WXPOLDS1Y9R4","sp_v3_pilot1","3TMFV4NEP8FINEF1ALPHJM5I10K8WW","0","1","0","1","3","0","3","108","1078","0","-8","2017-06-20 17:33:56","147"
"A1WXPOLDS1Y9R4","sp_v3_pilot1","3TMFV4NEP8FINEF1ALPHJM5I10K8WW","0","1","0","1","4","0","4","110","640","0","-10","2017-06-20 17:34:06","148"
"A1WXPOLDS1Y9R4","sp_v3_pilot1","3TMFV4NEP8FINEF1ALPHJM5I10K8WW","0","1","0","1","5","0","5","112","524","0","-12","2017-06-20 17:34:14","149"
"A1WXPOLDS1Y9R4","sp_v3_pilot1","3TMFV4NEP8FINEF1ALPHJM5I10K8WW","0","1","0","1","6","0","6","114","307","0","-14","2017-06-20 17:34:23","150"
"A1WXPOLDS1Y9R4","sp_v3_pilot1","3TMFV4NEP8FINEF1ALPHJM5I10K8WW","0","1","0","1","7","0","7","116","331","0","-16","2017-06-20 17:34:31","151"
"A1WXPOLDS1Y9R4","sp_v3_pilot1","3TMFV4NEP8FINEF1ALPHJM5I10K8WW","0","1","0","1","8","0","8","118","8651","0","-18","2017-06-20 17:34:58","152"
"A1WXPOLDS1Y9R4","sp_v3_pilot1","3TMFV4NEP8FINEF1ALPHJM5I10K8WW","0","1","0","1","9","0","9","120","287","0","-20","2017-06-20 17:35:12","153"
"A1WXPOLDS1Y9R4","sp_v3_pilot1","3TMFV4NEP8FINEF1ALPHJM5I10K8WW","0","1","0","1","10","0","10","122","18087","0","-22","2017-06-20 17:35:38","154"
"A1WXPOLDS1Y9R4","sp_v3_pilot1","3TMFV4NEP8FINEF1ALPHJM5I10K8WW","0","1","0","1","11","0","11","124","330","0","-24","2017-06-20 17:35:50","155"
"A1WXPOLDS1Y9R4","sp_v3_pilot1","3TMFV4NEP8FINEF1ALPHJM5I10K8WW","0","1","0","1","12","0","12","126","316","0","-26","2017-06-20 17:35:59","156"
"A1WXPOLDS1Y9R4","sp_v3_pilot1","3TMFV4NEP8FINEF1ALPHJM5I10K8WW","0","1","0","1","13","0","13","128","245","0","-28","2017-06-20 17:36:09","157"
"A1WXPOLDS1Y9R4","sp_v3_pilot1","3TMFV4NEP8FINEF1ALPHJM5I10K8WW","0","1","0","1","14","0","14","130","285","0","-30","2017-06-20 17:36:33","158"
"A1WXPOLDS1Y9R4","sp_v3_pilot1","3TMFV4NEP8FINEF1ALPHJM5I10K8WW","0","1","0","1","15","0","15","132","257","0","-32","2017-06-20 17:36:41","159"
"A1WXPOLDS1Y9R4","sp_v3_pilot1","3TMFV4NEP8FINEF1ALPHJM5I10K8WW","0","1","0","1","16","0","16","134","300","0","-34","2017-06-20 17:36:48","160"
"A1WXPOLDS1Y9R4","sp_v3_pilot1","3TMFV4NEP8FINEF1ALPHJM5I10K8WW","0","1","0","1","17","0","17","136","266","0","-36","2017-06-20 17:36:55","161"
"A1WXPOLDS1Y9R4","sp_v3_pilot1","3TMFV4NEP8FINEF1ALPHJM5I10K8WW","0","1","0","1","18","0","18","138","5221","0","-38","2017-06-20 17:37:07","162"
"A1WXPOLDS1Y9R4","sp_v3_pilot1","3TMFV4NEP8FINEF1ALPHJM5I10K8WW","1","1","1","1","19","1","0","135","2584","1","-39","2017-06-20 17:37:24","163"
"A1WXPOLDS1Y9R4","sp_v3_pilot1","3TMFV4NEP8FINEF1ALPHJM5I10K8WW","1","1","1","0","20","1","1","135","1252","0","-39","2017-06-20 17:37:32","164"
"A1WXPOLDS1Y9R4","sp_v3_pilot1","3TMFV4NEP8FINEF1ALPHJM5I10K8WW","1","1","1","0","21","1","2","135","296","0","-39","2017-06-20 17:37:40","165"
"A1WXPOLDS1Y9R4","sp_v3_pilot1","3TMFV4NEP8FINEF1ALPHJM5I10K8WW","1","1","1","0","22","1","3","135","470","0","-39","2017-06-20 17:37:53","166"
"A1WXPOLDS1Y9R4","sp_v3_pilot1","3TMFV4NEP8FINEF1ALPHJM5I10K8WW","1","1","1","0","23","1","4","135","464","0","-39","2017-06-20 17:38:01","167"
"A1WXPOLDS1Y9R4","sp_v3_pilot1","3TMFV4NEP8FINEF1ALPHJM5I10K8WW","1","1","1","0","24","1","5","135","236","0","-39","2017-06-20 17:38:07","168"
"A1WXPOLDS1Y9R4","sp_v3_pilot1","3TMFV4NEP8FINEF1ALPHJM5I10K8WW","1","1","1","0","25","1","6","135","25","0","-39","2017-06-20 17:38:13","169"
"A1WXPOLDS1Y9R4","sp_v3_pilot1","3TMFV4NEP8FINEF1ALPHJM5I10K8WW","1","1","1","0","26","1","7","135","272","0","-39","2017-06-20 17:38:21","170"
"A1WXPOLDS1Y9R4","sp_v3_pilot1","3TMFV4NEP8FINEF1ALPHJM5I10K8WW","1","1","1","0","27","1","8","135","183","0","-39","2017-06-20 17:38:27","171"
"A1WXPOLDS1Y9R4","sp_v3_pilot1","3TMFV4NEP8FINEF1ALPHJM5I10K8WW","1","1","1","0","28","1","9","135","268","0","-39","2017-06-20 17:38:34","172"
"A1WXPOLDS1Y9R4","sp_v3_pilot1","3TMFV4NEP8FINEF1ALPHJM5I10K8WW","1","1","1","0","29","1","10","135","275","0","-39","2017-06-20 17:38:41","173"
"A1WXPOLDS1Y9R4","sp_v3_pilot1","3TMFV4NEP8FINEF1ALPHJM5I10K8WW","1","1","1","0","30","1","11","135","335","0","-39","2017-06-20 17:38:47","174"
"A1WXPOLDS1Y9R4","sp_v3_pilot1","3TMFV4NEP8FINEF1ALPHJM5I10K8WW","1","1","1","0","31","1","12","135","305","0","-39","2017-06-20 17:38:54","175"
"A1WXPOLDS1Y9R4","sp_v3_pilot1","3TMFV4NEP8FINEF1ALPHJM5I10K8WW","1","1","1","0","32","1","13","135","256","0","-39","2017-06-20 17:39:01","176"
"A1WXPOLDS1Y9R4","sp_v3_pilot1","3TMFV4NEP8FINEF1ALPHJM5I10K8WW","0","1","2","1","33","2","0","134","1221","1","-42","2017-06-20 17:39:12","177"
"A1WXPOLDS1Y9R4","sp_v3_pilot1","3TMFV4NEP8FINEF1ALPHJM5I10K8WW","0","1","2","1","34","2","1","133","1015","1","-45","2017-06-20 17:39:19","178"
"A1WXPOLDS1Y9R4","sp_v3_pilot1","3TMFV4NEP8FINEF1ALPHJM5I10K8WW","0","1","2","0","35","2","2","133","1143","0","-45","2017-06-20 17:39:31","179"
"A1WXPOLDS1Y9R4","sp_v3_pilot1","3TMFV4NEP8FINEF1ALPHJM5I10K8WW","0","1","2","0","36","2","3","133","288","0","-45","2017-06-20 17:39:38","180"
"A1WXPOLDS1Y9R4","sp_v3_pilot1","3TMFV4NEP8FINEF1ALPHJM5I10K8WW","0","1","2","0","37","2","4","133","544","0","-45","2017-06-20 17:39:45","181"
"A1WXPOLDS1Y9R4","sp_v3_pilot1","3TMFV4NEP8FINEF1ALPHJM5I10K8WW","0","1","2","0","38","2","5","133","306","0","-45","2017-06-20 17:39:52","182"
"A1WXPOLDS1Y9R4","sp_v3_pilot1","3TMFV4NEP8FINEF1ALPHJM5I10K8WW","0","1","2","0","39","2","6","133","323","0","-45","2017-06-20 17:39:58","183"
"A1WXPOLDS1Y9R4","sp_v3_pilot1","3TMFV4NEP8FINEF1ALPHJM5I10K8WW","0","1","2","0","40","2","7","133","434","0","-45","2017-06-20 17:40:05","184"
"A1WXPOLDS1Y9R4","sp_v3_pilot1","3TMFV4NEP8FINEF1ALPHJM5I10K8WW","0","1","2","0","41","2","8","133","355","0","-45","2017-06-20 17:40:12","185"
"A1WXPOLDS1Y9R4","sp_v3_pilot1","3TMFV4NEP8FINEF1ALPHJM5I10K8WW","0","1","2","0","42","2","9","133","333","0","-45","2017-06-20 17:40:19","186"
"A1WXPOLDS1Y9R4","sp_v3_pilot1","3TMFV4NEP8FINEF1ALPHJM5I10K8WW","0","1","2","0","43","2","10","133","323","0","-45","2017-06-20 17:40:25","187"
"A1WXPOLDS1Y9R4","sp_v3_pilot1","3TMFV4NEP8FINEF1ALPHJM5I10K8WW","0","1","2","0","44","2","11","133","277","0","-45","2017-06-20 17:40:31","188"
"A1WXPOLDS1Y9R4","sp_v3_pilot1","3TMFV4NEP8FINEF1ALPHJM5I10K8WW","0","1","2","0","45","2","12","133","734","0","-45","2017-06-20 17:40:38","189"
"A1WXPOLDS1Y9R4","sp_v3_pilot1","3TMFV4NEP8FINEF1ALPHJM5I10K8WW","0","1","2","0","46","2","13","133","706","0","-45","2017-06-20 17:40:45","190"
"A1WXPOLDS1Y9R4","sp_v3_pilot1","3TMFV4NEP8FINEF1ALPHJM5I10K8WW","0","1","2","0","47","2","14","133","597","0","-45","2017-06-20 17:40:52","191"
"A1WXPOLDS1Y9R4","sp_v3_pilot1","3TMFV4NEP8FINEF1ALPHJM5I10K8WW","0","1","2","0","48","2","15","133","864","0","-45","2017-06-20 17:40:59","192"
"A1WXPOLDS1Y9R4","sp_v3_pilot1","3TMFV4NEP8FINEF1ALPHJM5I10K8WW","0","1","2","0","49","2","16","133","506","0","-45","2017-06-20 17:41:06","193"
"A1WXPOLDS1Y9R4","sp_v3_pilot1","3TMFV4NEP8FINEF1ALPHJM5I10K8WW","0","1","2","0","50","2","17","133","512","0","-45","2017-06-20 17:41:14","194"
"A1WXPOLDS1Y9R4","sp_v3_pilot1","3TMFV4NEP8FINEF1ALPHJM5I10K8WW","0","1","2","0","51","2","18","133","512","0","-45","2017-06-20 17:41:21","195"
"A1WXPOLDS1Y9R4","sp_v3_pilot1","3TMFV4NEP8FINEF1ALPHJM5I10K8WW","0","1","2","0","52","2","19","133","366","0","-45","2017-06-20 17:41:28","196"
"AE4FRGGT254D3","sp_v3_pilot1","3TR2532VIPV9DGWEA794AIFJT9LJ6Q","0","1","0","1","0","0","0","102","5771","0","-2","2017-06-20 18:13:44","197"
"AE4FRGGT254D3","sp_v3_pilot1","3TR2532VIPV9DGWEA794AIFJT9LJ6Q","0","1","0","1","1","0","1","104","2929","0","-4","2017-06-20 18:13:54","198"
"AE4FRGGT254D3","sp_v3_pilot1","3TR2532VIPV9DGWEA794AIFJT9LJ6Q","0","1","0","1","2","0","2","106","3157","0","-6","2017-06-20 18:14:04","199"
"AE4FRGGT254D3","sp_v3_pilot1","3TR2532VIPV9DGWEA794AIFJT9LJ6Q","0","1","0","1","3","0","3","108","2122","0","-8","2017-06-20 18:14:14","200"
"AE4FRGGT254D3","sp_v3_pilot1","3TR2532VIPV9DGWEA794AIFJT9LJ6Q","0","1","0","0","4","0","4","108","3100","0","-8","2017-06-20 18:14:28","201"
"AE4FRGGT254D3","sp_v3_pilot1","3TR2532VIPV9DGWEA794AIFJT9LJ6Q","0","1","0","1","5","0","5","110","4944","0","-10","2017-06-20 18:14:43","202"
"AE4FRGGT254D3","sp_v3_pilot1","3TR2532VIPV9DGWEA794AIFJT9LJ6Q","0","1","0","1","6","0","6","112","1608","0","-12","2017-06-20 18:14:59","203"
"AE4FRGGT254D3","sp_v3_pilot1","3TR2532VIPV9DGWEA794AIFJT9LJ6Q","0","1","0","1","7","0","7","114","833","0","-14","2017-06-20 18:15:15","204"
"AE4FRGGT254D3","sp_v3_pilot1","3TR2532VIPV9DGWEA794AIFJT9LJ6Q","0","1","0","1","8","0","8","116","5452","0","-16","2017-06-20 18:15:29","205"
"AE4FRGGT254D3","sp_v3_pilot1","3TR2532VIPV9DGWEA794AIFJT9LJ6Q","0","1","0","1","9","0","9","118","722","0","-18","2017-06-20 18:15:36","206"
"AE4FRGGT254D3","sp_v3_pilot1","3TR2532VIPV9DGWEA794AIFJT9LJ6Q","0","1","0","1","10","0","10","120","445","0","-20","2017-06-20 18:15:43","207"
"AE4FRGGT254D3","sp_v3_pilot1","3TR2532VIPV9DGWEA794AIFJT9LJ6Q","0","1","0","1","11","0","11","122","373","0","-22","2017-06-20 18:15:49","208"
"AE4FRGGT254D3","sp_v3_pilot1","3TR2532VIPV9DGWEA794AIFJT9LJ6Q","0","1","0","1","12","0","12","124","335","0","-24","2017-06-20 18:15:55","209"
"AE4FRGGT254D3","sp_v3_pilot1","3TR2532VIPV9DGWEA794AIFJT9LJ6Q","0","1","0","1","13","0","13","126","178","0","-26","2017-06-20 18:16:02","210"
"AE4FRGGT254D3","sp_v3_pilot1","3TR2532VIPV9DGWEA794AIFJT9LJ6Q","0","1","0","1","14","0","14","128","622","0","-28","2017-06-20 18:16:09","211"
"AE4FRGGT254D3","sp_v3_pilot1","3TR2532VIPV9DGWEA794AIFJT9LJ6Q","1","1","1","0","15","1","0","126","6640","1","-26","2017-06-20 18:16:42","212"
"AE4FRGGT254D3","sp_v3_pilot1","3TR2532VIPV9DGWEA794AIFJT9LJ6Q","1","1","1","0","16","1","1","124","2829","1","-24","2017-06-20 18:16:56","213"
"AE4FRGGT254D3","sp_v3_pilot1","3TR2532VIPV9DGWEA794AIFJT9LJ6Q","1","1","1","0","17","1","2","122","439","1","-22","2017-06-20 18:17:03","214"
"AE4FRGGT254D3","sp_v3_pilot1","3TR2532VIPV9DGWEA794AIFJT9LJ6Q","1","1","1","1","18","1","3","119","1799","1","-23","2017-06-20 18:17:12","215"
"AE4FRGGT254D3","sp_v3_pilot1","3TR2532VIPV9DGWEA794AIFJT9LJ6Q","1","1","1","1","19","1","4","118","911","0","-26","2017-06-20 18:17:20","216"
"AE4FRGGT254D3","sp_v3_pilot1","3TR2532VIPV9DGWEA794AIFJT9LJ6Q","1","1","1","0","20","1","5","118","2283","0","-26","2017-06-20 18:17:35","217"
"AE4FRGGT254D3","sp_v3_pilot1","3TR2532VIPV9DGWEA794AIFJT9LJ6Q","1","1","1","0","21","1","6","118","1109","0","-26","2017-06-20 18:17:44","218"
"AE4FRGGT254D3","sp_v3_pilot1","3TR2532VIPV9DGWEA794AIFJT9LJ6Q","1","1","1","0","22","1","7","118","525","0","-26","2017-06-20 18:17:50","219"
"AE4FRGGT254D3","sp_v3_pilot1","3TR2532VIPV9DGWEA794AIFJT9LJ6Q","1","1","1","0","23","1","8","118","781","0","-26","2017-06-20 18:17:57","220"
"AE4FRGGT254D3","sp_v3_pilot1","3TR2532VIPV9DGWEA794AIFJT9LJ6Q","1","1","1","0","24","1","9","118","441","0","-26","2017-06-20 18:18:05","221"
"AE4FRGGT254D3","sp_v3_pilot1","3TR2532VIPV9DGWEA794AIFJT9LJ6Q","1","1","1","0","25","1","10","118","495","0","-26","2017-06-20 18:18:11","222"
"AE4FRGGT254D3","sp_v3_pilot1","3TR2532VIPV9DGWEA794AIFJT9LJ6Q","1","1","1","0","26","1","11","118","662","0","-26","2017-06-20 18:18:17","223"
"AE4FRGGT254D3","sp_v3_pilot1","3TR2532VIPV9DGWEA794AIFJT9LJ6Q","1","1","2","1","27","2","0","115","2419","1","-27","2017-06-20 18:18:40","224"
"AE4FRGGT254D3","sp_v3_pilot1","3TR2532VIPV9DGWEA794AIFJT9LJ6Q","1","1","2","1","28","2","1","112","2316","1","-28","2017-06-20 18:18:54","225"
"AE4FRGGT254D3","sp_v3_pilot1","3TR2532VIPV9DGWEA794AIFJT9LJ6Q","1","1","2","0","29","2","2","110","1402","1","-26","2017-06-20 18:19:06","226"
"AE4FRGGT254D3","sp_v3_pilot1","3TR2532VIPV9DGWEA794AIFJT9LJ6Q","1","1","2","1","30","2","3","107","1343","1","-27","2017-06-20 18:19:15","227"
"AE4FRGGT254D3","sp_v3_pilot1","3TR2532VIPV9DGWEA794AIFJT9LJ6Q","1","1","2","1","31","2","4","104","301","1","-28","2017-06-20 18:19:22","228"
"AE4FRGGT254D3","sp_v3_pilot1","3TR2532VIPV9DGWEA794AIFJT9LJ6Q","1","1","2","1","32","2","5","101","325","1","-29","2017-06-20 18:19:29","229"
"AE4FRGGT254D3","sp_v3_pilot1","3TR2532VIPV9DGWEA794AIFJT9LJ6Q","1","1","2","1","33","2","6","98","887","1","-30","2017-06-20 18:19:36","230"
"AE4FRGGT254D3","sp_v3_pilot1","3TR2532VIPV9DGWEA794AIFJT9LJ6Q","1","1","2","1","34","2","7","95","470","1","-31","2017-06-20 18:19:43","231"
"AE4FRGGT254D3","sp_v3_pilot1","3TR2532VIPV9DGWEA794AIFJT9LJ6Q","1","1","2","1","35","2","8","92","581","1","-32","2017-06-20 18:19:50","232"
"AE4FRGGT254D3","sp_v3_pilot1","3TR2532VIPV9DGWEA794AIFJT9LJ6Q","1","1","2","1","36","2","9","89","327","1","-33","2017-06-20 18:19:56","233"
"AE4FRGGT254D3","sp_v3_pilot1","3TR2532VIPV9DGWEA794AIFJT9LJ6Q","1","1","2","1","37","2","10","86","325","1","-34","2017-06-20 18:20:03","234"
"AE4FRGGT254D3","sp_v3_pilot1","3TR2532VIPV9DGWEA794AIFJT9LJ6Q","1","1","2","1","38","2","11","83","119","1","-35","2017-06-20 18:20:09","235"
"AE4FRGGT254D3","sp_v3_pilot1","3TR2532VIPV9DGWEA794AIFJT9LJ6Q","1","1","2","1","39","2","12","80","314","1","-36","2017-06-20 18:20:15","236"
"AE4FRGGT254D3","sp_v3_pilot1","3TR2532VIPV9DGWEA794AIFJT9LJ6Q","1","1","2","1","40","2","13","77","432","1","-37","2017-06-20 18:20:21","237"
"AE4FRGGT254D3","sp_v3_pilot1","3TR2532VIPV9DGWEA794AIFJT9LJ6Q","1","1","2","1","41","2","14","74","285","1","-38","2017-06-20 18:20:27","238"
"AE4FRGGT254D3","sp_v3_pilot1","3TR2532VIPV9DGWEA794AIFJT9LJ6Q","1","1","2","1","42","2","15","71","309","1","-39","2017-06-20 18:20:34","239"
"AE4FRGGT254D3","sp_v3_pilot1","3TR2532VIPV9DGWEA794AIFJT9LJ6Q","1","1","2","1","43","2","16","68","452","1","-40","2017-06-20 18:20:40","240"
"AE4FRGGT254D3","sp_v3_pilot1","3TR2532VIPV9DGWEA794AIFJT9LJ6Q","1","1","2","1","44","2","17","65","310","1","-41","2017-06-20 18:20:46","241"
"AE4FRGGT254D3","sp_v3_pilot1","3TR2532VIPV9DGWEA794AIFJT9LJ6Q","1","1","2","1","45","2","18","62","382","1","-42","2017-06-20 18:20:53","242"
"AE4FRGGT254D3","sp_v3_pilot1","3TR2532VIPV9DGWEA794AIFJT9LJ6Q","1","1","2","1","46","2","19","59","642","1","-43","2017-06-20 18:21:00","243"
